4;0;net_92;net_755;net_3453;net_3836;net_3932;net_4681;net_4697;net_6531
21;0;net_353;net_520;net_2100;net_2720;net_4087;net_4741;net_7549;net_8264
47;0;net_1;net_74;net_113;net_852;net_1658;net_3530;net_3782;net_8337
52;0;net_0;net_180;net_263;net_1986;net_2885;net_4645;net_5683;net_7788
60;0;net_1;net_1875;net_2068;net_2424;net_2900;net_4462;net_4468;net_5005
68;0;net_1808;net_2069;net_2643;net_4067;net_4993;net_5652;net_5910;net_6322
79;0;net_134;net_731;net_916;net_2624;net_4176;net_4964;net_5139;net_6593
82;0;net_1;net_107;net_1748;net_1825;net_3642;net_4411;net_4916;net_8263
89;0;net_0;net_1;net_317;net_914;net_1198;net_3079;net_3533;net_7919
92;0;net_1465;net_1547;net_1625;net_2147;net_4658;net_4844;net_5700;net_6255
29;0;net_142;net_187;net_595;net_2389;net_3888;net_4174;net_7218;net_7376
116;0;net_1;net_46;net_1975;net_3296;net_3761;net_3917;net_7333;net_7712
118;0;net_0;net_114;net_1018;net_2124;net_3686;net_4243;net_7015;net_7758
142;0;net_1865;net_2245;net_2293;net_3814;net_4400;net_7728;net_7917;net_8172
146;0;net_1;net_232;net_434;net_2180;net_3723;net_4019;net_6611;net_8617
174;0;net_0;net_1;net_3283;net_3846;net_4603;net_5337;net_6056;net_8133
181;0;net_101;net_1987;net_2185;net_4086;net_5685;net_5809;net_5997;net_7701
188;0;net_165;net_260;net_1259;net_1905;net_2123;net_4657;net_5805;net_6287
216;0;net_369;net_636;net_1981;net_2128;net_3238;net_7217;net_8273;net_8666
238;0;net_0;net_1682;net_1768;net_2374;net_3277;net_5439;net_5987;net_7423
241;0;net_0;net_118;net_913;net_2827;net_3781;net_7028;net_7434;net_8734
233;0;net_0;net_659;net_3067;net_3145;net_3334;net_7560;net_8424;net_8453
251;0;net_12;net_1394;net_1621;net_3202;net_3428;net_5874;net_7460;net_8306
289;0;net_1;net_151;net_1097;net_1403;net_1568;net_4246;net_5486;net_7392
279;0;net_1;net_94;net_907;net_1969;net_4029;net_6454;net_7146;net_8460
282;0;net_1;net_693;net_4066;net_4094;net_5542;net_7133;net_7489;net_8318
313;0;net_35;net_330;net_1334;net_2031;net_3247;net_3472;net_6871;net_8490
320;0;net_0;net_991;net_1216;net_2695;net_4420;net_5270;net_6003;net_8565
382;0;net_250;net_1603;net_3781;net_4091;net_5044;net_6709;net_7658;net_7749
401;0;net_333;net_1007;net_2511;net_3415;net_4190;net_5250;net_5469;net_6312
727;0;net_0;net_238;net_2297;net_2343;net_2827;net_4926;net_6365;net_6407
444;0;net_1;net_2518;net_2971;net_3947;net_4059;net_4208;net_5377;net_8410
445;0;net_0;net_1;net_166;net_256;net_2308;net_2869;net_5202;net_8247
452;0;net_3326;net_3735;net_3832;net_4081;net_4535;net_4655;net_8030;net_8148
460;0;net_1107;net_1284;net_2265;net_3249;net_5073;net_5344;net_6841;net_7580
462;0;net_0;net_1;net_1023;net_3160;net_3481;net_3932;net_7103;net_7835
483;0;net_376;net_1104;net_1194;net_2525;net_5273;net_6479;net_7337;net_8133
488;0;net_2367;net_2612;net_3559;net_4032;net_5408;net_5437;net_5835;net_8738
512;0;net_1;net_324;net_378;net_1820;net_2710;net_4413;net_5394;net_8565
521;0;net_0;net_1;net_1662;net_2576;net_3237;net_3341;net_7074;net_7198
468;0;net_125;net_322;net_484;net_609;net_1142;net_1348;net_5909;net_7971
566;0;net_1;net_251;net_1056;net_1399;net_3340;net_5624;net_5705;net_5728
573;0;net_298;net_644;net_646;net_3858;net_4439;net_6960;net_7129;net_8563
596;0;net_0;net_1245;net_1651;net_1818;net_2007;net_5886;net_6795;net_7573
618;0;net_0;net_461;net_1012;net_1584;net_3916;net_5096;net_6212;net_6233
643;0;net_475;net_928;net_2703;net_3461;net_5483;net_7208;net_7590;net_7686
797;0;net_0;net_166;net_262;net_271;net_2063;net_6946;net_7531;net_7748
648;0;net_85;net_2442;net_2866;net_3032;net_4253;net_6489;net_7327;net_8046
661;0;net_1;net_162;net_376;net_1241;net_2041;net_3196;net_7315;net_7857
683;0;net_236;net_2240;net_2318;net_3285;net_4121;net_4345;net_6008;net_8687
687;0;net_395;net_1472;net_2131;net_3803;net_5561;net_5568;net_7533;net_7552
695;0;net_1;net_67;net_554;net_738;net_4054;net_4449;net_5375;net_6018
718;0;net_395;net_2595;net_2977;net_3724;net_4355;net_4752;net_4805;net_7104
754;0;net_1;net_46;net_468;net_675;net_690;net_2795;net_7732;net_8275
732;0;net_0;net_75;net_2029;net_3760;net_4709;net_4926;net_5017;net_5061
757;0;net_1;net_698;net_2337;net_4052;net_4091;net_4467;net_7378;net_7814
775;0;net_2073;net_2596;net_2999;net_3958;net_4783;net_4883;net_5121;net_6663
787;0;net_1;net_35;net_38;net_96;net_133;net_667;net_2025;net_3135
789;0;net_0;net_139;net_376;net_1790;net_2678;net_2843;net_5965;net_8241
794;0;net_163;net_671;net_1360;net_1496;net_3677;net_7157;net_7960;net_8665
807;0;net_0;net_534;net_1744;net_1918;net_3096;net_4134;net_6667;net_6814
833;0;net_1;net_209;net_295;net_3559;net_3643;net_5453;net_5581;net_8637
855;0;net_4;net_574;net_702;net_2488;net_3644;net_5193;net_7215;net_8344
862;0;net_0;net_1390;net_2140;net_2897;net_3042;net_4641;net_6397;net_6442
868;0;net_932;net_2416;net_2431;net_3337;net_6065;net_6901;net_7296;net_7535
871;0;net_1;net_479;net_2843;net_3977;net_3998;net_6103;net_6258;net_8374
886;0;net_405;net_606;net_2039;net_2473;net_4310;net_5203;net_6601;net_7825
903;0;net_1;net_392;net_751;net_1803;net_2232;net_2351;net_6448;net_7693
892;0;net_1;net_1951;net_2048;net_2363;net_3960;net_4181;net_5001;net_5581
937;0;net_0;net_1270;net_3328;net_3814;net_7076;net_7491;net_8104;net_8385
947;0;net_0;net_469;net_654;net_1933;net_2087;net_4293;net_5392;net_7409
1003;0;net_0;net_147;net_247;net_1796;net_2972;net_3262;net_4067;net_7956
1000;0;net_249;net_690;net_1659;net_2079;net_3614;net_4535;net_4744;net_4887
1013;0;net_1678;net_2120;net_2480;net_2938;net_4674;net_5921;net_6374;net_7793
1038;0;net_1;net_1329;net_1904;net_2979;net_3100;net_5511;net_6176;net_7878
1045;0;net_1934;net_1947;net_2975;net_3295;net_4132;net_5516;net_8086;net_8389
1065;0;net_0;net_92;net_345;net_1382;net_1625;net_1633;net_6281;net_6687
1108;0;net_366;net_3434;net_3491;net_3558;net_4448;net_5028;net_5756;net_8658
1133;0;net_0;net_1980;net_2281;net_2639;net_2705;net_4377;net_4942;net_5757
1166;0;net_0;net_1401;net_2384;net_3490;net_4007;net_6364;net_6977;net_8050
1173;0;net_0;net_614;net_748;net_3146;net_3567;net_4448;net_5158;net_6841
1176;0;net_719;net_2916;net_3056;net_4070;net_4282;net_4657;net_5421;net_6543
1192;0;net_121;net_972;net_1213;net_2925;net_6617;net_7385;net_7543;net_8260
1193;0;net_0;net_1009;net_1943;net_3098;net_4103;net_4789;net_4918;net_6514
1283;0;net_209;net_1012;net_2092;net_2850;net_4708;net_6042;net_6765;net_7407
1312;0;net_1305;net_1696;net_2138;net_3019;net_4377;net_7444;net_7583;net_7864
1321;0;net_0;net_1;net_36;net_2338;net_2350;net_3542;net_4155;net_5249
1326;0;net_0;net_1175;net_2885;net_3687;net_3839;net_6977;net_7205;net_7804
1350;0;net_747;net_2503;net_3818;net_3996;net_4705;net_4976;net_5833;net_8706
1386;0;net_0;net_1;net_1150;net_2239;net_2914;net_5046;net_6127;net_7953
1415;0;net_205;net_1465;net_1917;net_3063;net_3937;net_4998;net_5007;net_8117
1423;0;net_1;net_121;net_257;net_2962;net_3104;net_3996;net_6580;net_7886
1430;0;net_1199;net_1223;net_1979;net_4049;net_4781;net_5549;net_7062;net_8650
1436;0;net_383;net_1021;net_1026;net_1693;net_3690;net_4847;net_5601;net_8507
1452;0;net_1;net_532;net_538;net_631;net_1583;net_4332;net_6122;net_8524
1470;0;net_1;net_283;net_648;net_3481;net_3733;net_5538;net_7132;net_8380
1495;0;net_1;net_691;net_2034;net_3326;net_3716;net_6339;net_6617;net_7791
1515;0;net_0;net_1685;net_2313;net_3226;net_3469;net_5125;net_5356;net_7915
1522;0;net_288;net_1753;net_1847;net_2031;net_2749;net_6543;net_6949;net_8638
1677;0;net_41;net_2293;net_2796;net_2957;net_3176;net_4587;net_7154;net_8097
1552;0;net_0;net_757;net_2078;net_3067;net_3457;net_7324;net_8470;net_8666
1580;0;net_1745;net_2657;net_2995;net_3176;net_6842;net_7551;net_7913;net_8529
1567;0;net_315;net_972;net_1129;net_1490;net_3656;net_6527;net_8338;net_8587
1588;0;net_0;net_39;net_1942;net_1988;net_3333;net_6745;net_8219;net_8547
1595;0;net_0;net_1232;net_2658;net_3262;net_3492;net_6442;net_6820;net_7432
1597;0;net_1816;net_2337;net_3118;net_4039;net_4175;net_5472;net_6216;net_7687
1598;0;net_0;net_577;net_1978;net_3415;net_3456;net_4789;net_5885;net_6514
1602;0;net_1;net_717;net_1656;net_2291;net_3793;net_4384;net_5367;net_5618
1606;0;net_0;net_1;net_1951;net_3703;net_3773;net_3794;net_5799;net_7595
1623;0;net_444;net_1743;net_1830;net_2881;net_3982;net_4686;net_4904;net_5784
1628;0;net_0;net_1;net_304;net_398;net_450;net_1110;net_2326;net_8759
1566;0;net_396;net_2577;net_2782;net_3845;net_4055;net_4286;net_6910;net_8440
1670;0;net_1;net_327;net_2029;net_3221;net_3314;net_4864;net_6513;net_8388
1537;0;net_177;net_296;net_2239;net_2892;net_4097;net_5590;net_7076;net_7841
1693;0;net_1;net_1071;net_2039;net_2720;net_3749;net_4580;net_6037;net_6833
1756;0;net_395;net_831;net_1408;net_3038;net_4474;net_4678;net_4797;net_7375
10;0;net_96;net_342;net_525;net_1015;net_5541;net_5817;net_7706;
23;0;net_0;net_17;net_1558;net_2987;net_5144;net_6142;net_7007;net_1546
43;0;net_0;net_979;net_2266;net_3109;net_3125;net_4267;net_5848;net_7158
30;0;net_102;net_1745;net_3930;net_4858;net_5342;net_5349;net_6120;net_0
35;0;net_1142;net_2384;net_3025;net_4795;net_6023;net_7847;net_8136;
42;0;net_0;net_44;net_47;net_132;net_2951;net_3042;net_4506;net_3315
67;0;net_903;net_1218;net_2702;net_4067;net_5648;net_5722;net_8254;
83;0;net_0;net_1;net_413;net_3630;net_3797;net_6615;net_7379;net_8029
78;0;net_69;net_1464;net_1580;net_2225;net_2832;net_5011;net_5728;net_8607
90;0;net_0;net_1;net_572;net_877;net_3148;net_3682;net_6311;net_4346
93;0;net_1162;net_2497;net_3675;net_6949;net_7169;net_8416;net_8592;
95;0;net_0;net_72;net_690;net_1116;net_1826;net_7399;net_7689;net_2932
107;0;net_0;net_1;net_851;net_3558;net_3872;net_4098;net_6287;net_7462
109;0;net_0;net_1;net_312;net_1434;net_3961;net_5465;net_5780;net_1089
114;0;net_0;net_1930;net_4096;net_4426;net_4801;net_5098;net_5410;net_2129
129;0;net_0;net_170;net_1752;net_2090;net_3306;net_5865;net_6236;net_5931
134;0;net_0;net_1888;net_2058;net_3549;net_3927;net_7686;net_7792;net_5958
439;0;net_10;net_658;net_1489;net_3321;net_4782;net_6658;net_7629;net_1575
162;0;net_0;net_1;net_10;net_234;net_1627;net_3916;net_5379;net_3044
166;0;net_0;net_122;net_260;net_1280;net_5150;net_7307;net_7770;net_1339
168;0;net_0;net_165;net_202;net_2075;net_3095;net_6843;net_8714;net_973
191;0;net_568;net_2707;net_3314;net_3820;net_4741;net_6251;net_7723;net_4585
196;0;net_9;net_1131;net_3188;net_3486;net_3811;net_5216;net_5940;
197;0;net_393;net_801;net_3004;net_5837;net_6900;net_7852;net_8254;
199;0;net_365;net_367;net_931;net_3092;net_3166;net_4320;net_5998;
164;0;net_0;net_1;net_66;net_2106;net_2172;net_4383;net_7203;net_1859
210;0;net_669;net_2169;net_2275;net_2948;net_4344;net_6921;net_8286;
221;0;net_1743;net_2156;net_3314;net_4016;net_6688;net_6835;net_7897;
225;0;net_566;net_1620;net_3877;net_4617;net_5388;net_6266;net_7750;
232;0;net_1797;net_2629;net_2876;net_6307;net_6677;net_7190;net_7591;
247;0;net_0;net_206;net_1018;net_2055;net_2794;net_4500;net_7872;net_136
239;0;net_0;net_236;net_2370;net_2848;net_3197;net_7370;net_8670;net_7112
245;0;net_22;net_565;net_3401;net_3987;net_6949;net_8224;net_8426;
266;0;net_0;net_271;net_743;net_2702;net_4046;net_5204;net_7153;net_2601
283;0;net_0;net_1;net_2424;net_4490;net_5892;net_6232;net_6400;net_1743
297;0;net_0;net_1089;net_3566;net_3760;net_4096;net_5087;net_8450;net_217
301;0;net_31;net_1204;net_3227;net_3253;net_3383;net_5747;net_6668;
310;0;net_1;net_2100;net_3051;net_3631;net_5308;net_5928;net_7500;net_2081
326;0;net_0;net_291;net_496;net_3411;net_5216;net_5370;net_8415;
315;0;net_0;net_140;net_401;net_4073;net_4700;net_5679;net_8384;
344;0;net_36;net_338;net_847;net_3212;net_5362;net_5474;net_6700;
333;0;net_0;net_1;net_344;net_453;net_2736;net_2921;net_6695;net_2908
335;0;net_0;net_1;net_554;net_2679;net_2705;net_7246;net_8323;net_3966
348;0;net_124;net_367;net_858;net_1514;net_5092;net_6580;net_6842;
349;0;net_804;net_2739;net_3686;net_3880;net_5370;net_7091;net_8389;
365;0;net_7;net_24;net_516;net_1148;net_3107;net_5665;net_7476;
366;0;net_0;net_1;net_444;net_1180;net_2336;net_3731;net_5211;net_106
413;0;net_0;net_839;net_1958;net_2447;net_4401;net_5718;net_6215;
399;0;net_165;net_407;net_465;net_735;net_2152;net_3858;net_6045;
389;0;net_1;net_1235;net_1860;net_2580;net_5415;net_5532;net_7277;net_1053
393;0;net_0;net_894;net_1603;net_1661;net_4000;net_6291;net_6901;
396;0;net_0;net_368;net_966;net_1761;net_5262;net_5537;net_5559;
403;0;net_1;net_285;net_1274;net_1628;net_2397;net_5962;net_6011;net_7192
406;0;net_0;net_776;net_1025;net_1327;net_3810;net_6863;net_7052;
417;0;net_35;net_674;net_754;net_3115;net_5694;net_6305;net_7222;
426;0;net_1;net_17;net_565;net_2956;net_4114;net_5591;net_7574;net_1183
433;0;net_171;net_1572;net_2183;net_3472;net_4724;net_4806;net_7508;net_5430
436;0;net_0;net_1941;net_2689;net_4077;net_5175;net_7444;net_8364;
437;0;net_0;net_105;net_329;net_1866;net_3005;net_3711;net_4184;
454;0;net_1;net_89;net_1246;net_1956;net_3112;net_6578;net_8116;net_867
453;0;net_0;net_460;net_526;net_2953;net_4119;net_4842;net_5082;net_4250
482;0;net_0;net_3693;net_3861;net_3879;net_4082;net_7653;net_8712;
472;0;net_1;net_254;net_1347;net_4474;net_7824;net_8384;net_8542;
503;0;net_525;net_830;net_2768;net_3308;net_5015;net_5904;net_7429;
504;0;net_2327;net_3420;net_3693;net_5094;net_5852;net_6044;net_7596;
514;0;net_1;net_1008;net_1519;net_2051;net_3666;net_4690;net_6651;net_7365
516;0;net_3;net_114;net_393;net_1173;net_5620;net_6212;net_7631;
519;0;net_0;net_915;net_3309;net_3344;net_4630;net_8345;net_8672;
537;0;net_1;net_394;net_419;net_703;net_2094;net_2510;net_5232;net_5968
544;0;net_137;net_350;net_409;net_1978;net_3411;net_5062;net_6463;
535;0;net_0;net_1;net_307;net_463;net_535;net_6101;net_8374;
558;0;net_0;net_1584;net_2134;net_3415;net_8300;net_8301;net_8518;
571;0;net_1999;net_2434;net_3248;net_4570;net_7250;net_7449;net_8422;
582;0;net_72;net_762;net_2696;net_2741;net_6149;net_6520;net_6679;
595;0;net_1;net_1615;net_1793;net_1941;net_4243;net_8257;net_8768;
606;0;net_1;net_1063;net_1730;net_2348;net_2807;net_5100;net_6581;
621;0;net_0;net_266;net_597;net_1701;net_3799;net_6906;net_7661;
617;0;net_223;net_1059;net_2085;net_2183;net_3145;net_5164;net_5331;
651;0;net_0;net_1410;net_2359;net_2683;net_3920;net_5548;net_8333;
655;0;net_0;net_85;net_1086;net_2943;net_3251;net_4526;net_6374;
656;0;net_267;net_2088;net_2717;net_3318;net_6090;net_6570;net_8669;net_4225
662;0;net_1009;net_1270;net_3177;net_4269;net_5180;net_6451;net_8710;
670;0;net_0;net_1;net_217;net_511;net_866;net_3429;net_5425;
671;0;net_0;net_1;net_84;net_2094;net_3270;net_4129;net_4864;
675;0;net_1;net_814;net_1643;net_1849;net_7750;net_8007;net_8583;
678;0;net_348;net_1452;net_2005;net_2052;net_3203;net_5906;net_7963;
681;0;net_0;net_485;net_1722;net_1941;net_3195;net_4739;net_5919;
721;0;net_873;net_887;net_3321;net_3938;net_5262;net_5604;net_8593;
724;0;net_1;net_833;net_1724;net_4001;net_5486;net_6677;net_8292;
731;0;net_1171;net_2473;net_3732;net_3765;net_5699;net_5909;net_6907;
740;0;net_1633;net_2139;net_3639;net_4674;net_4880;net_7225;net_7847;
755;0;net_597;net_712;net_2481;net_3473;net_7580;net_7617;net_7760;
746;0;net_1;net_135;net_171;net_2005;net_2006;net_5923;net_8274;
749;0;net_0;net_498;net_1192;net_2565;net_2780;net_5646;net_7063;
758;0;net_0;net_67;net_259;net_3013;net_3637;net_4071;net_6737;
764;0;net_1;net_1572;net_3298;net_3941;net_6002;net_6816;net_8644;
765;0;net_1693;net_2596;net_3695;net_5170;net_6762;net_8006;net_8220;
767;0;net_0;net_56;net_1185;net_1905;net_4046;net_5442;net_8434;net_3069
773;0;net_308;net_2929;net_4049;net_4204;net_6739;net_7141;net_7215;
774;0;net_1;net_1973;net_3325;net_3841;net_6923;net_7113;net_8064;net_1168
796;0;net_77;net_298;net_600;net_1115;net_3081;net_6257;net_8350;
769;0;net_1;net_1129;net_3549;net_3614;net_4230;net_4928;net_7454;
785;0;net_80;net_949;net_1652;net_3852;net_4368;net_4830;net_7463;
793;0;net_110;net_235;net_2234;net_3736;net_3839;net_5195;net_5775;net_1995
819;0;net_0;net_534;net_1329;net_2090;net_2292;net_6977;net_8251;
838;0;net_0;net_712;net_1974;net_3976;net_4534;net_4883;net_5256;
851;0;net_1;net_530;net_3624;net_3874;net_5029;net_5980;net_8560;
849;0;net_2504;net_2944;net_3448;net_3499;net_6250;net_6474;net_8016;net_8743
850;0;net_1;net_160;net_1989;net_3802;net_3808;net_5874;net_5903;
863;0;net_0;net_1;net_207;net_679;net_3176;net_3738;net_6014;
869;0;net_0;net_2118;net_2186;net_3175;net_8535;net_8602;net_8652;
873;0;net_0;net_1;net_666;net_1471;net_2860;net_5258;net_5546;net_1749
876;0;net_1;net_1528;net_1688;net_2807;net_3135;net_6078;net_6867;
880;0;net_0;net_74;net_628;net_1487;net_2782;net_4461;net_4730;
884;0;net_0;net_2109;net_2579;net_3096;net_3162;net_5175;net_5771;
888;0;net_1;net_378;net_589;net_1356;net_2308;net_6186;net_7981;
890;0;net_36;net_362;net_883;net_2717;net_3028;net_3662;net_4215;
895;0;net_1045;net_1273;net_2029;net_4913;net_5767;net_6624;net_7789;
908;0;net_19;net_211;net_1119;net_1463;net_5681;net_5955;net_6511;
910;0;net_238;net_390;net_2473;net_3785;net_3888;net_7177;net_7946;net_2505
912;0;net_0;net_80;net_2273;net_2454;net_7451;net_7508;net_8399;
920;0;net_0;net_259;net_1841;net_4105;net_6059;net_8635;net_8750;net_3797
962;0;net_0;net_202;net_1707;net_2631;net_2643;net_4359;net_8212;net_49
930;0;net_0;net_576;net_1731;net_2886;net_4017;net_4233;net_6492;
938;0;net_0;net_405;net_1410;net_2034;net_5006;net_8054;net_8402;
957;0;net_0;net_1;net_1277;net_3107;net_3625;net_3772;net_6518;
958;0;net_1;net_438;net_3138;net_3185;net_3969;net_4403;net_5174;
976;0;net_320;net_847;net_1595;net_2031;net_3460;net_5153;net_6327;
933;0;net_1;net_1544;net_2778;net_3491;net_4318;net_5689;net_6327;
977;0;net_0;net_1219;net_3047;net_3988;net_4741;net_6164;net_7440;
991;0;net_1;net_1080;net_1172;net_3661;net_7642;net_7864;net_8715;net_8450
1012;0;net_1597;net_2935;net_3279;net_4846;net_5302;net_6185;net_7951;
1024;0;net_1;net_283;net_1437;net_3809;net_4024;net_4136;net_6438;net_958
1039;0;net_155;net_1567;net_3393;net_3614;net_5828;net_6932;net_8351;
1058;0;net_0;net_2148;net_3648;net_4065;net_4162;net_4720;net_5656;
1046;0;net_165;net_1078;net_1809;net_3558;net_5014;net_7244;net_8369;
1060;0;net_1;net_420;net_553;net_706;net_2184;net_3077;net_5400;
1067;0;net_0;net_1030;net_1790;net_3954;net_6286;net_7856;net_8150;
1086;0;net_1;net_17;net_111;net_1478;net_6359;net_6482;net_6964;
1076;0;net_1;net_391;net_393;net_547;net_1447;net_5678;net_6940;
1081;0;net_0;net_776;net_1436;net_2764;net_2892;net_7622;net_8513;
1082;0;net_0;net_3563;net_4001;net_4014;net_6274;net_6892;net_7949;
1089;0;net_44;net_285;net_641;net_2326;net_4271;net_5901;net_7227;
1090;0;net_0;net_390;net_2955;net_4346;net_5218;net_6312;net_7112;
1101;0;net_0;net_885;net_960;net_2613;net_4680;net_5166;net_5517;net_1237
1102;0;net_0;net_1191;net_2858;net_3023;net_4329;net_4819;net_6343;
1105;0;net_1057;net_1470;net_1808;net_1892;net_4459;net_5676;net_6352;
1106;0;net_683;net_2921;net_3107;net_4153;net_5113;net_5412;net_7071;
1123;0;net_777;net_956;net_1955;net_3850;net_4763;net_7621;net_8727;
1124;0;net_454;net_1034;net_3661;net_6390;net_7681;net_7778;net_8131;
1144;0;net_0;net_1908;net_3981;net_5174;net_6014;net_6243;net_6283;
1146;0;net_3;net_137;net_322;net_712;net_3067;net_5503;net_6560;
1154;0;net_0;net_223;net_395;net_437;net_1709;net_2709;net_3627;
1179;0;net_0;net_1;net_38;net_349;net_6861;net_7059;net_8504;
1184;0;net_0;net_655;net_1887;net_2021;net_3914;net_5328;net_8325;
1187;0;net_415;net_3437;net_4079;net_4094;net_6025;net_7970;net_8727;
1188;0;net_0;net_283;net_395;net_1116;net_4291;net_4889;net_6631;net_2099
1197;0;net_1;net_2302;net_2328;net_5273;net_5295;net_6203;net_8410;
1223;0;net_0;net_1097;net_2239;net_4053;net_4503;net_6256;net_7857;
1210;0;net_0;net_76;net_902;net_3700;net_5070;net_7619;net_8256;
1214;0;net_0;net_2133;net_2749;net_3799;net_6691;net_7431;net_7990;
1216;0;net_277;net_393;net_726;net_1339;net_2262;net_5770;net_6467;
1217;0;net_1730;net_3327;net_3500;net_3883;net_5845;net_6389;net_6488;
1225;0;net_2739;net_2869;net_3549;net_4520;net_6646;net_8163;net_8586;
1230;0;net_376;net_444;net_1467;net_3769;net_5319;net_5486;net_7863;net_173
1222;0;net_885;net_2076;net_2336;net_3824;net_4762;net_7150;net_7296;
1247;0;net_1;net_180;net_2263;net_2639;net_3645;net_4298;net_6106;
1265;0;net_2762;net_3315;net_3849;net_5219;net_6692;net_8233;net_8400;
1268;0;net_71;net_72;net_1950;net_1991;net_3150;net_3180;net_8048;
1285;0;net_931;net_1125;net_2130;net_2297;net_5730;net_6133;net_7267;
1298;0;net_1;net_281;net_3397;net_4457;net_6007;net_8165;net_8644;
1263;0;net_493;net_2393;net_2813;net_2938;net_4189;net_6565;net_7612;
1311;0;net_125;net_159;net_772;net_1330;net_2112;net_4235;net_6467;net_3014
1336;0;net_1;net_307;net_2119;net_2297;net_5220;net_6286;net_7750;
1353;0;net_0;net_300;net_340;net_1720;net_1973;net_4334;net_8180;net_239
1358;0;net_0;net_1361;net_3495;net_4113;net_8119;net_8572;net_8609;
1361;0;net_1;net_1950;net_3783;net_4089;net_4330;net_5212;net_8201;net_6830
1368;0;net_8;net_447;net_2003;net_3688;net_5133;net_5259;net_5749;
1378;0;net_1660;net_2911;net_4058;net_4886;net_5255;net_6802;net_7891;
1399;0;net_975;net_1144;net_1691;net_1864;net_4571;net_6050;net_6196;
1409;0;net_1506;net_2342;net_2741;net_4527;net_4724;net_6083;net_6670;
1412;0;net_1;net_80;net_1375;net_2799;net_3699;net_5514;net_5545;
1413;0;net_1304;net_3453;net_3846;net_5531;net_5915;net_5919;net_8550;
1348;0;net_0;net_747;net_1315;net_2507;net_3617;net_5069;net_5472;
1374;0;net_1;net_1841;net_2920;net_3298;net_3823;net_5067;net_5994;
1431;0;net_1;net_92;net_404;net_1066;net_2350;net_3746;net_5255;
1440;0;net_0;net_714;net_1069;net_1174;net_4205;net_4569;net_8454;
1442;0;net_2473;net_2626;net_3421;net_3947;net_4311;net_5300;net_5487;
1450;0;net_0;net_755;net_3956;net_4013;net_6396;net_7682;net_8018;
1465;0;net_1;net_80;net_1036;net_2303;net_3320;net_5162;net_7573;
1472;0;net_306;net_1878;net_3835;net_5667;net_7504;net_8167;net_8722;
1510;0;net_1;net_1980;net_1995;net_2604;net_4368;net_8062;net_8358;net_3035
1516;0;net_1;net_1768;net_2164;net_2717;net_2795;net_4572;net_5528;
1528;0;net_0;net_1003;net_1136;net_1881;net_1994;net_5930;net_7390;
1531;0;net_0;net_537;net_1547;net_3108;net_7101;net_7214;net_8714;
1539;0;net_1;net_800;net_1553;net_3150;net_3417;net_4840;net_5614;net_5042
1546;0;net_30;net_76;net_801;net_3330;net_6120;net_6897;net_7843;
1621;0;net_177;net_835;net_1273;net_1726;net_6145;net_6317;net_8111;net_4320
1578;0;net_2022;net_2804;net_3713;net_6222;net_7901;net_8044;net_8329;
1607;0;net_595;net_1459;net_2491;net_4186;net_4347;net_6549;net_6615;
1627;0;net_0;net_1;net_190;net_1214;net_1301;net_1442;net_1896;net_8595
1640;0;net_929;net_1849;net_2026;net_5426;net_6214;net_6802;net_8689;
1641;0;net_0;net_1328;net_2678;net_4448;net_4598;net_6549;net_8386;
1642;0;net_807;net_1421;net_1917;net_5045;net_5521;net_6502;net_8609;
1666;0;net_987;net_1067;net_1660;net_3279;net_4285;net_5211;net_6877;
1668;0;net_0;net_903;net_2669;net_3642;net_4447;net_4670;net_6111;
1661;0;net_118;net_313;net_853;net_1168;net_2047;net_5820;net_8699;
1648;0;net_393;net_1145;net_1658;net_1911;net_4215;net_4468;net_8765;
1711;0;net_333;net_1148;net_1583;net_2362;net_4475;net_6463;net_6871;
1720;0;net_0;net_1513;net_2613;net_2630;net_4789;net_4854;net_7242;
1733;0;net_1197;net_3148;net_3327;net_3469;net_5340;net_6857;net_7602;
1735;0;net_0;net_1;net_514;net_1828;net_4553;net_6004;net_8459;
1745;0;net_2909;net_3275;net_4010;net_4468;net_5394;net_6888;net_7470;
1748;0;net_8;net_355;net_1604;net_2124;net_3198;net_6215;net_8506;
1749;0;net_74;net_1711;net_2879;net_2926;net_3416;net_4567;net_5272;
1751;0;net_517;net_1101;net_3690;net_5076;net_5733;net_7162;net_8041;
1743;0;net_1;net_1480;net_2873;net_3736;net_4095;net_5945;net_6197;
3;0;net_142;net_267;net_3284;net_4344;net_5123;net_8196;net_1049;net_6008
25;0;net_154;net_161;net_393;net_2235;net_6266;net_7501;net_2269;net_8479
14;0;net_398;net_661;net_1253;net_2618;net_3059;net_5764;net_245;net_6913
38;0;net_0;net_24;net_184;net_444;net_1818;net_3769;net_4078;net_6346
40;0;net_0;net_431;net_617;net_1888;net_2594;net_6044;net_560;net_8481
84;0;net_122;net_1928;net_2872;net_4066;net_7236;net_8576;net_76;net_742
46;0;net_1168;net_2001;net_3635;net_3677;net_5249;net_8594;net_354;net_7913
54;0;net_671;net_745;net_1072;net_2770;net_5362;net_8426;net_315;net_4848
70;0;net_506;net_1950;net_2335;net_2913;net_5119;net_7059;;
56;0;net_2269;net_3648;net_5243;net_5574;net_6414;net_8391;net_388;net_3962
71;0;net_36;net_1147;net_3527;net_3849;net_6532;net_7939;net_352;net_1140
73;0;net_1817;net_2356;net_3839;net_6495;net_8170;net_8755;net_1038;net_5861
77;0;net_1;net_187;net_2739;net_4133;net_6509;net_8598;net_1962;net_6683
98;0;net_0;net_1;net_72;net_4005;net_5436;net_5670;net_2122;net_2948
91;0;net_1256;net_1387;net_2063;net_2746;net_4944;net_6740;;
103;0;net_1;net_49;net_2578;net_2920;net_8486;net_8650;net_5882;net_6136
124;0;net_2019;net_2295;net_3061;net_4717;net_5604;net_7112;net_3733;net_6555
111;0;net_0;net_1383;net_1697;net_4269;net_5985;net_7660;net_1941;net_5745
112;0;net_0;net_1;net_2071;net_3319;net_4286;net_7615;net_6050;net_7280
117;0;net_221;net_1346;net_2856;net_4405;net_6243;net_8107;net_405;net_6845
150;0;net_1171;net_2723;net_2762;net_5956;net_6960;net_8559;net_4019;net_4833
133;0;net_165;net_166;net_1793;net_2433;net_5809;net_6672;net_2411;net_6991
136;0;net_0;net_936;net_976;net_6063;net_8057;net_8493;net_803;net_3705
123;0;net_3797;net_3887;net_3946;net_7264;net_7310;net_8678;net_3788;net_7701
193;0;net_823;net_1021;net_3563;net_5173;net_6403;net_6855;net_3626;net_7577
155;0;net_284;net_956;net_3858;net_4542;net_5190;net_7242;net_0;net_7762
186;0;net_0;net_821;net_3481;net_5087;net_5199;net_6124;net_684;net_3323
194;0;net_0;net_111;net_1423;net_3950;net_4560;net_7902;net_2914;net_5614
198;0;net_0;net_1139;net_3080;net_3251;net_3636;net_6654;net_149;net_8669
202;0;net_0;net_328;net_385;net_491;net_1641;net_7261;net_3285;net_7258
208;0;net_1;net_902;net_2614;net_3046;net_4035;net_4785;net_16;net_8255
211;0;net_0;net_1070;net_2763;net_3041;net_4124;net_4150;net_720;net_4869
214;0;net_444;net_2261;net_2375;net_4911;net_5151;net_7162;net_3959;net_7334
227;0;net_1985;net_2229;net_2947;net_3503;net_5208;net_8412;;
246;0;net_0;net_1;net_1050;net_1244;net_1895;net_5976;net_124;net_2508
252;0;net_0;net_1;net_883;net_1265;net_6448;net_8662;net_1962;net_2417
258;0;net_1;net_1066;net_1351;net_2106;net_7392;net_8666;net_893;net_4698
265;0;net_579;net_1555;net_6108;net_6392;net_7725;net_7759;net_1;net_3926
269;0;net_339;net_2459;net_2680;net_6023;net_8112;net_8325;net_479;net_3461
272;0;net_1483;net_1683;net_6301;net_7324;net_8733;net_8740;net_104;net_1022
273;0;net_307;net_603;net_1718;net_1765;net_8351;net_8563;net_1401;net_4709
294;0;net_0;net_721;net_1957;net_5944;net_7904;net_8541;net_2142;net_5989
300;0;net_1157;net_1458;net_1972;net_2788;net_4219;net_5879;;
306;0;net_864;net_936;net_3014;net_3038;net_5057;net_6710;;
309;0;net_306;net_1643;net_4047;net_4310;net_7568;net_8087;net_1053;net_8248
322;0;net_1;net_137;net_3035;net_3934;net_6294;net_8346;net_901;net_3671
323;0;net_419;net_1464;net_3568;net_4368;net_6997;net_7552;net_1761;net_7113
332;0;net_0;net_1282;net_2523;net_3657;net_5489;net_7240;net_2358;net_5820
340;0;net_0;net_1465;net_3285;net_5886;net_6684;net_8294;net_1651;net_4275
351;0;net_1186;net_1603;net_2018;net_3190;net_5493;net_6777;;
372;0;net_1;net_366;net_2020;net_2146;net_4159;net_5437;net_1823;net_7816
363;0;net_0;net_194;net_2253;net_4059;net_5193;net_7461;net_2112;net_7116
367;0;net_17;net_120;net_226;net_598;net_3498;net_5993;net_0;net_1304
368;0;net_1224;net_2631;net_2685;net_4909;net_5114;net_7708;net_559;net_6200
371;0;net_1;net_3154;net_3178;net_5111;net_7730;net_8167;net_1978;net_2469
378;0;net_922;net_3317;net_4100;net_5921;net_7301;net_8644;net_604;net_5950
381;0;net_1592;net_3238;net_5496;net_5657;net_7814;net_7820;net_2831;net_3559
386;0;net_1222;net_1902;net_4596;net_5464;net_6359;net_7501;;
388;0;net_0;net_2166;net_2253;net_2810;net_7706;net_8435;net_176;net_1159
392;0;net_2638;net_3776;net_4744;net_4946;net_5876;net_6482;;
397;0;net_0;net_1;net_171;net_1499;net_3320;net_5616;net_2360;net_2725
400;0;net_905;net_1205;net_3821;net_5704;net_5777;net_7827;net_1928;net_7025
402;0;net_1;net_1963;net_2407;net_4143;net_6192;net_8439;net_2836;net_5838
404;0;net_3228;net_3407;net_3504;net_3963;net_6346;net_6740;net_6249;
410;0;net_480;net_1991;net_3165;net_4010;net_4684;net_7604;;
419;0;net_0;net_12;net_953;net_2434;net_8234;net_8701;net_1286;net_2392
420;0;net_0;net_976;net_1673;net_6153;net_6960;net_7419;net_3668;net_7187
424;0;net_130;net_988;net_1133;net_4821;net_6226;net_7977;net_1610;net_3060
430;0;net_346;net_2298;net_3078;net_5396;net_6266;net_7540;net_1350;net_7319
431;0;net_0;net_1;net_69;net_104;net_4204;net_8237;net_701;net_3098
434;0;net_1;net_1606;net_2771;net_2930;net_3424;net_7903;net_8066;net_8358
435;0;net_124;net_299;net_1636;net_3517;net_6782;net_7866;net_2480;net_7742
441;0;net_0;net_1;net_1792;net_3383;net_4429;net_5784;net_1914;net_8397
449;0;net_0;net_243;net_1608;net_3775;net_4741;net_5068;net_723;net_7713
461;0;net_420;net_631;net_1734;net_1873;net_2385;net_8280;;
463;0;net_21;net_2267;net_4117;net_4259;net_5119;net_7402;;
465;0;net_384;net_1293;net_2019;net_4700;net_5371;net_7397;net_1228;net_7257
471;0;net_187;net_564;net_1766;net_1943;net_4999;net_5376;;
475;0;net_0;net_20;net_1595;net_1829;net_1910;net_2048;net_102;net_5242
476;0;net_577;net_3471;net_3519;net_4420;net_5847;net_6176;net_2506;net_5751
479;0;net_0;net_605;net_4354;net_4499;net_5665;net_6824;net_2140;net_3274
492;0;net_167;net_239;net_1326;net_1947;net_7239;net_7937;;
496;0;net_100;net_1324;net_2391;net_2697;net_3302;net_4838;;
506;0;net_206;net_392;net_3095;net_4378;net_7119;net_8593;;
507;0;net_0;net_369;net_1138;net_1623;net_2080;net_6720;net_3969;net_8439
522;0;net_86;net_275;net_1993;net_5069;net_7302;net_7681;net_1701;net_1797
510;0;net_1769;net_2504;net_4506;net_5745;net_5995;net_6656;;
513;0;net_717;net_849;net_4290;net_4455;net_5058;net_6103;;
517;0;net_473;net_825;net_3423;net_5350;net_6417;net_8654;net_593;net_4652
529;0;net_0;net_323;net_4058;net_6243;net_6654;net_7299;net_3890;net_8460
530;0;net_102;net_646;net_2070;net_4004;net_5762;net_8423;net_3784;net_6759
534;0;net_0;net_288;net_703;net_5575;net_6115;net_6586;net_521;net_1460
541;0;net_0;net_121;net_1171;net_5579;net_7366;net_8207;net_3111;net_5421
543;0;net_500;net_2176;net_2353;net_3870;net_8315;net_8471;;
546;0;net_2093;net_2099;net_3984;net_4251;net_7012;net_7495;net_3222;net_6378
555;0;net_474;net_2388;net_4066;net_4072;net_4259;net_7764;;
557;0;net_102;net_1943;net_4768;net_5316;net_5768;net_6188;;
576;0;net_162;net_284;net_3182;net_3487;net_5340;net_6643;net_1450;net_7771
568;0;net_142;net_435;net_642;net_1241;net_3888;net_4816;net_3147;net_5150
562;0;net_2392;net_2636;net_5018;net_5050;net_5861;net_6535;;
590;0;net_177;net_505;net_2978;net_4029;net_4528;net_5195;net_82;net_6206
598;0;net_429;net_1877;net_2082;net_4753;net_5974;net_8685;net_3953;net_6460
609;0;net_213;net_815;net_2415;net_4324;net_4345;net_8156;net_1215;net_4685
613;0;net_276;net_2946;net_3288;net_4861;net_5455;net_6967;net_532;net_4224
631;0;net_64;net_374;net_970;net_2058;net_6533;net_6833;net_630;net_5260
619;0;net_288;net_1609;net_2601;net_3256;net_5670;net_5906;net_3759;net_8750
620;0;net_0;net_226;net_2714;net_3323;net_4428;net_7881;net_1228;net_6579
627;0;net_0;net_578;net_3004;net_4997;net_6817;net_8411;net_219;net_2293
637;0;net_650;net_857;net_2374;net_2804;net_4601;net_7097;;
641;0;net_61;net_1434;net_1756;net_4682;net_5212;net_8131;net_895;net_4974
642;0;net_1049;net_1127;net_2817;net_4051;net_5139;net_5270;;
652;0;net_163;net_2471;net_3735;net_3848;net_4850;net_6184;net_120;net_595
663;0;net_0;net_1676;net_2720;net_2900;net_5860;net_6761;net_2173;net_8112
664;0;net_1;net_640;net_3952;net_4332;net_5009;net_5420;net_35;net_1971
667;0;net_1;net_1223;net_2362;net_5549;net_6469;net_7088;net_115;net_5216
674;0;net_0;net_1;net_98;net_1900;net_2152;net_4481;net_456;net_8323
682;0;net_446;net_2052;net_2324;net_2965;net_4232;net_5620;;
685;0;net_1;net_144;net_217;net_3344;net_6491;net_8746;net_3010;net_7644
689;0;net_1641;net_1826;net_4718;net_5747;net_7448;net_7770;;
692;0;net_0;net_1646;net_3280;net_3810;net_6240;net_6683;net_3137;net_5797
696;0;net_1051;net_3087;net_5373;net_5457;net_6062;net_6409;;
719;0;net_1;net_725;net_1055;net_1498;net_2466;net_7147;;
733;0;net_0;net_1942;net_3228;net_4806;net_5265;net_7471;net_2613;net_4731
735;0;net_663;net_748;net_781;net_1964;net_5227;net_5442;;
736;0;net_1565;net_1839;net_3523;net_5062;net_5910;net_6216;net_1763;net_5816
739;0;net_206;net_1331;net_1857;net_2169;net_5074;net_6561;;
761;0;net_817;net_1435;net_3082;net_5711;net_6252;net_8300;net_920;net_5409
762;0;net_637;net_3279;net_4546;net_6776;net_7025;net_7897;;
783;0;net_167;net_2500;net_4508;net_5210;net_5303;net_8459;;
777;0;net_630;net_1897;net_3113;net_3150;net_4564;net_4821;;
781;0;net_1173;net_1311;net_1909;net_2510;net_6071;net_8579;;
792;0;net_0;net_131;net_2009;net_4619;net_6341;net_8124;net_2071;net_4210
798;0;net_0;net_1;net_226;net_983;net_2278;net_2720;net_1453;net_7438
808;0;net_1;net_127;net_1130;net_3504;net_6300;net_6834;net_118;net_4151
810;0;net_224;net_1981;net_2133;net_4503;net_6267;net_8035;;
817;0;net_209;net_716;net_763;net_1622;net_3436;net_5911;;
821;0;net_2841;net_2866;net_3528;net_4416;net_4725;net_7046;net_2114;net_5726
827;0;net_142;net_3118;net_4048;net_5902;net_6474;net_6520;net_1912;net_8576
831;0;net_1;net_85;net_924;net_5225;net_5859;net_5913;net_2574;net_5499
835;0;net_1;net_1137;net_1831;net_3826;net_5337;net_7534;net_1583;net_6021
841;0;net_464;net_952;net_2687;net_3130;net_5512;net_7314;;
843;0;net_113;net_3040;net_3665;net_5619;net_7846;net_7901;;
854;0;net_1;net_2;net_3864;net_4093;net_4323;net_7260;net_1175;net_3855
1456;0;net_0;net_695;net_887;net_1086;net_2100;net_4753;net_238;net_5165
872;0;net_0;net_1138;net_2495;net_2885;net_4756;net_8418;net_2268;net_5900
893;0;net_0;net_564;net_1816;net_3093;net_5582;net_8129;net_3961;net_4791
881;0;net_2985;net_3016;net_3966;net_6704;net_6803;net_7061;net_163;net_3123
906;0;net_522;net_1952;net_2402;net_3613;net_8520;net_8641;net_4756;net_6979
894;0;net_441;net_1872;net_2366;net_4928;net_5186;net_6854;net_2185;net_5663
900;0;net_0;net_282;net_2725;net_3866;net_8429;net_8686;net_874;net_7751
911;0;net_351;net_1375;net_2932;net_3682;net_6595;net_6954;net_447;net_6239
915;0;net_106;net_738;net_3976;net_4020;net_5575;net_8566;net_3046;net_5835
922;0;net_1;net_15;net_601;net_3622;net_5470;net_7205;net_882;net_7716
939;0;net_0;net_71;net_1609;net_3168;net_3521;net_7046;net_151;net_1541
945;0;net_92;net_118;net_2505;net_7523;net_7814;net_7873;net_940;net_6444
946;0;net_0;net_1;net_2731;net_3977;net_4998;net_7714;net_4500;net_7273
934;0;net_1;net_850;net_2440;net_4983;net_6102;net_8272;net_2789;net_8129
951;0;net_232;net_557;net_2114;net_7547;net_7567;net_7708;net_516;net_1084
955;0;net_242;net_1176;net_1600;net_2719;net_4201;net_5129;net_3129;net_6815
966;0;net_1396;net_2994;net_3819;net_7120;net_8045;net_8093;net_412;net_2757
970;0;net_89;net_2044;net_2786;net_3796;net_4527;net_7372;net_2064;net_4642
971;0;net_1001;net_1218;net_2778;net_3332;net_4174;net_4387;;
972;0;net_1496;net_2591;net_4001;net_4067;net_5578;net_7770;;
978;0;net_0;net_1;net_1572;net_3209;net_6621;net_8534;net_1271;net_2617
982;0;net_894;net_2890;net_5751;net_6997;net_8156;net_8643;;
983;0;net_53;net_101;net_247;net_494;net_6931;net_8345;;
974;0;net_0;net_247;net_520;net_1242;net_5452;net_7477;net_220;net_5672
993;0;net_1927;net_4037;net_7195;net_8246;net_8575;net_8610;;
995;0;net_379;net_2077;net_2699;net_5107;net_5784;net_6138;net_2075;net_6206
1016;0;net_0;net_390;net_1086;net_2466;net_2780;net_3120;;
1005;0;net_94;net_1433;net_4251;net_4628;net_6774;net_8166;;
1011;0;net_114;net_538;net_1867;net_2052;net_3014;net_7084;net_143;net_6842
1014;0;net_420;net_758;net_1070;net_1838;net_2141;net_7926;;
1031;0;net_300;net_1186;net_1401;net_2809;net_3857;net_7110;;
1019;0;net_447;net_691;net_744;net_4150;net_5667;net_7792;net_1817;net_6360
1021;0;net_1;net_1495;net_2604;net_3452;net_4337;net_7656;net_849;net_5020
1023;0;net_1805;net_2378;net_2630;net_3328;net_4624;net_7723;;
1032;0;net_1;net_169;net_288;net_869;net_1279;net_7028;net_2871;net_8704
1036;0;net_867;net_1647;net_2842;net_3682;net_6722;net_6875;;
1040;0;net_0;net_1713;net_2431;net_3693;net_4093;net_4153;;
1042;0;net_92;net_1068;net_2888;net_3841;net_6448;net_8154;net_2341;net_8024
1052;0;net_636;net_1806;net_2717;net_3128;net_4358;net_6839;;
1054;0;net_604;net_1424;net_3034;net_3063;net_5975;net_7685;;
1056;0;net_0;net_554;net_1685;net_2655;net_7591;net_8561;net_2247;net_6043
1044;0;net_0;net_1595;net_3200;net_3453;net_3676;net_6919;;
1063;0;net_0;net_230;net_301;net_1105;net_3501;net_4788;net_856;net_5572
1068;0;net_0;net_1;net_120;net_1291;net_2573;net_3333;net_3466;net_8654
1096;0;net_1734;net_2084;net_2742;net_4239;net_5864;net_6711;net_2318;net_8636
1097;0;net_0;net_1880;net_2335;net_4640;net_5547;net_6133;net_3312;net_4533
1103;0;net_42;net_1532;net_2610;net_4976;net_5356;net_6802;;
1107;0;net_0;net_1204;net_1376;net_2616;net_2877;net_6206;;
1109;0;net_1;net_1005;net_2755;net_3703;net_3766;net_6540;;
1111;0;net_1;net_1333;net_3804;net_7187;net_7206;net_7935;net_6;net_8243
1113;0;net_340;net_1268;net_1835;net_3725;net_7670;net_7714;net_4598;net_6308
1114;0;net_61;net_1342;net_2112;net_3279;net_5296;net_5728;net_1034;net_8012
1115;0;net_644;net_730;net_1368;net_4224;net_7301;net_7414;net_2286;net_5577
1118;0;net_0;net_36;net_1015;net_1496;net_3980;net_4376;net_960;net_5441
1119;0;net_316;net_1634;net_3329;net_5919;net_7026;net_7994;net_236;net_1675
1121;0;net_93;net_309;net_502;net_4148;net_6850;net_8487;net_2520;net_5629
1140;0;net_2096;net_3731;net_4538;net_6174;net_6460;net_6630;;
1127;0;net_0;net_511;net_542;net_2334;net_2764;net_7669;;
1131;0;net_95;net_2662;net_4327;net_5658;net_8167;net_8658;;
1208;0;net_1;net_398;net_3980;net_4948;net_6435;net_7245;net_838;net_5036
1112;0;net_62;net_151;net_254;net_2745;net_3093;net_8036;net_3297;net_8472
1141;0;net_2351;net_2901;net_3974;net_4263;net_4924;net_7249;net_3133;net_4735
1142;0;net_1369;net_1627;net_2227;net_6964;net_7018;net_8034;net_319;net_2381
1181;0;net_0;net_162;net_1582;net_3106;net_8253;net_8427;net_3652;net_7045
1155;0;net_0;net_2;net_1798;net_2401;net_2574;net_7175;net_6459;net_7039
1168;0;net_635;net_2512;net_2823;net_4534;net_4959;net_7550;net_1922;net_5275
1170;0;net_0;net_2411;net_4084;net_4221;net_5809;net_8150;net_3898;net_3918
1174;0;net_1;net_123;net_282;net_700;net_2693;net_4133;net_1225;net_5573
1177;0;net_85;net_178;net_259;net_1481;net_6662;net_6745;;
1180;0;net_1;net_1258;net_2182;net_3453;net_7459;net_7771;;
1199;0;net_848;net_1031;net_1576;net_2758;net_6396;net_6984;;
1200;0;net_35;net_178;net_1676;net_3749;net_4018;net_7326;;
1202;0;net_0;net_17;net_2097;net_4335;net_5033;net_8684;net_3411;net_5725
1212;0;net_0;net_1;net_506;net_1964;net_4960;net_6982;net_1167;net_6179
1213;0;net_111;net_2617;net_3490;net_5338;net_7730;net_7848;net_763;net_2484
1221;0;net_0;net_1181;net_3811;net_4868;net_4930;net_6117;;
1209;0;net_0;net_1131;net_1897;net_2284;net_2490;net_7644;;
1229;0;net_0;net_69;net_2698;net_3502;net_3713;net_7768;;
1233;0;net_1;net_510;net_770;net_2398;net_5698;net_8653;;
1240;0;net_0;net_304;net_427;net_3656;net_4775;net_8156;net_909;net_4962
1244;0;net_366;net_869;net_1814;net_3860;net_5274;net_7555;;
1245;0;net_956;net_3951;net_6133;net_6289;net_8130;net_8538;;
1098;0;net_418;net_592;net_719;net_3560;net_5814;net_6152;;
1250;0;net_820;net_1178;net_3687;net_3919;net_4858;net_5481;;
1258;0;net_160;net_1072;net_1367;net_4066;net_5008;net_8013;net_1250;net_6357
1278;0;net_1;net_1092;net_1256;net_2827;net_4174;net_4787;;
1267;0;net_607;net_3757;net_5984;net_6212;net_7383;net_7410;;
1275;0;net_0;net_1;net_2133;net_2364;net_4000;net_6626;net_4140;net_6955
1291;0;net_1;net_2493;net_4191;net_4211;net_4409;net_8731;;
1264;0;net_1;net_312;net_1995;net_4170;net_6489;net_8753;;
1301;0;net_1;net_315;net_3315;net_3445;net_5403;net_7589;;
1309;0;net_0;net_204;net_362;net_1952;net_2357;net_5545;;
1314;0;net_756;net_2653;net_3635;net_4009;net_4780;net_8410;;
1334;0;net_800;net_1799;net_3225;net_3492;net_5144;net_7992;;
1324;0;net_36;net_756;net_1119;net_2046;net_4187;net_7407;;
1346;0;net_0;net_65;net_1906;net_4473;net_4639;net_7949;net_92;net_2665
1320;0;net_1;net_1192;net_2689;net_4397;net_4551;net_6946;;
1335;0;net_0;net_5;net_2243;net_3083;net_3944;net_5551;;
1342;0;net_0;net_3063;net_3998;net_5083;net_8294;net_8751;;
1351;0;net_181;net_1195;net_1546;net_2067;net_4402;net_4623;net_100;net_2283
1403;0;net_0;net_1986;net_2841;net_6325;net_6796;net_7072;;
1364;0;net_0;net_876;net_5131;net_7161;net_7622;net_7938;;
1366;0;net_1;net_199;net_1209;net_1953;net_4378;net_8498;;
1367;0;net_1547;net_1578;net_2676;net_6337;net_7607;net_8002;;
1371;0;net_0;net_276;net_467;net_735;net_5755;net_6502;net_4315;net_5662
1383;0;net_120;net_869;net_1954;net_4117;net_6133;net_6718;;
1395;0;net_1;net_3050;net_3254;net_4193;net_6979;net_7510;;
1373;0;net_298;net_1330;net_2104;net_4091;net_6664;net_6753;;
1420;0;net_0;net_515;net_2587;net_3898;net_5995;net_8064;;
1424;0;net_739;net_1013;net_1974;net_3095;net_4810;net_6252;;
1425;0;net_10;net_2375;net_4484;net_5009;net_5097;net_7039;;
1437;0;net_420;net_768;net_1071;net_2036;net_2098;net_6484;;
1438;0;net_0;net_1;net_297;net_1947;net_3625;net_6210;;
1429;0;net_0;net_29;net_673;net_701;net_3645;net_6033;net_7619;net_7647
1444;0;net_0;net_1370;net_4070;net_4150;net_5059;net_7194;;
1446;0;net_0;net_734;net_1425;net_3391;net_3717;net_7890;;
1454;0;net_469;net_3396;net_3657;net_5787;net_6072;net_6431;;
1457;0;net_1;net_3010;net_4470;net_6382;net_7526;net_8422;;
1459;0;net_1723;net_3434;net_6960;net_7315;net_7714;net_8102;;
1464;0;net_0;net_1960;net_3107;net_3996;net_4609;net_6688;net_3239;net_5956
1471;0;net_246;net_1222;net_2043;net_5686;net_7573;net_8259;net_2454;net_2498
1479;0;net_676;net_1126;net_1737;net_3907;net_5767;net_6293;net_299;net_5091
1480;0;net_27;net_2601;net_3194;net_3933;net_5254;net_7124;;
1488;0;net_0;net_1;net_479;net_1152;net_5675;net_6518;;
1489;0;net_0;net_1;net_653;net_2572;net_5483;net_6257;;
1490;0;net_0;net_1;net_1819;net_4272;net_7415;net_7711;;
1494;0;net_300;net_2747;net_2983;net_5351;net_7538;net_8668;;
1484;0;net_1489;net_3463;net_6669;net_6754;net_6817;net_7032;;
1507;0;net_0;net_1;net_534;net_1643;net_2869;net_8443;;
1508;0;net_0;net_1760;net_3020;net_3540;net_7672;net_8409;;
1529;0;net_1;net_1401;net_1408;net_2124;net_2513;net_5559;;
1532;0;net_54;net_206;net_2466;net_3025;net_6226;net_8738;;
1535;0;net_239;net_386;net_2592;net_5019;net_5953;net_7501;;
1540;0;net_0;net_381;net_1791;net_3094;net_6204;net_7675;net_492;net_5095
1541;0;net_882;net_1544;net_2065;net_2081;net_4137;net_8079;net_7178;net_8665
1565;0;net_1472;net_1598;net_4221;net_5323;net_5962;net_6509;;
1557;0;net_0;net_1;net_808;net_1468;net_4940;net_7819;;
1561;0;net_999;net_1900;net_2016;net_3045;net_4684;net_8254;;
1563;0;net_1;net_849;net_3005;net_5204;net_6487;net_6683;net_1943;net_8310
1564;0;net_1176;net_2994;net_3272;net_5817;net_6850;net_8196;;
1569;0;net_206;net_2428;net_2714;net_6137;net_6832;net_7966;;
1572;0;net_1983;net_2352;net_4811;net_5541;net_7249;net_8709;;
1574;0;net_386;net_2185;net_3943;net_4053;net_7433;net_7961;;
1647;0;net_679;net_1031;net_1374;net_4760;net_6586;net_7358;net_191;net_2883
1579;0;net_0;net_1;net_470;net_2852;net_3393;net_7923;;
1583;0;net_0;net_2639;net_2787;net_4621;net_6105;net_7164;;
1599;0;net_12;net_591;net_1001;net_1285;net_4657;net_7984;;
1600;0;net_810;net_1255;net_2659;net_5984;net_6889;net_8499;;
1613;0;net_1264;net_2015;net_2484;net_5243;net_7240;net_8382;;
1614;0;net_1;net_1151;net_2085;net_3109;net_5431;net_8557;;
1617;0;net_1;net_1462;net_3235;net_6428;net_8220;net_8606;;
1622;0;net_0;net_183;net_1914;net_1972;net_2048;net_5909;;
1629;0;net_1;net_342;net_696;net_1304;net_7002;net_7972;net_1908;net_6857
1634;0;net_1271;net_1500;net_2166;net_5616;net_6789;net_7166;;
1637;0;net_183;net_398;net_2740;net_2752;net_5232;net_5249;;
1638;0;net_1;net_2129;net_3018;net_6468;net_8448;net_8712;;
1657;0;net_612;net_1489;net_4202;net_6228;net_7213;net_8352;;
1649;0;net_0;net_695;net_3867;net_6429;net_7290;net_7586;;
1673;0;net_2796;net_3088;net_5007;net_5597;net_7621;net_8488;;
1731;0;net_0;net_267;net_2901;net_4723;net_6375;net_6939;;
1681;0;net_0;net_1;net_2857;net_3407;net_4674;net_5301;;
1684;0;net_2460;net_2471;net_2769;net_5357;net_6996;net_8283;net_3697;net_6467
1686;0;net_0;net_262;net_2147;net_3759;net_7471;net_8401;;
1732;0;net_24;net_1680;net_6355;net_6659;net_6751;net_8641;;
1688;0;net_1439;net_2757;net_2864;net_3069;net_4907;net_8762;;
1708;0;net_0;net_283;net_1748;net_3682;net_5572;net_5745;;
1717;0;net_0;net_600;net_2096;net_3019;net_5015;net_5284;;
1737;0;net_491;net_3014;net_5274;net_6106;net_6926;net_8121;;
1742;0;net_1;net_3671;net_3957;net_4334;net_6698;net_8493;;
1702;0;net_391;net_1102;net_1209;net_2174;net_3721;net_4577;;
15;0;net_0;net_1819;net_6051;net_6189;net_7682;net_1662;net_3923;net_5484
2;0;net_3133;net_4053;net_7022;net_7174;net_8347;net_868;net_1717;net_7056
6;0;net_1;net_2761;net_3147;net_6288;net_6460;net_2018;net_4094;net_4375
7;0;net_1;net_284;net_1151;net_6404;net_8585;net_424;net_3155;net_7774
8;0;net_0;net_2692;net_4297;net_7278;net_8545;net_572;net_3160;net_6410
9;0;net_2644;net_2821;net_5610;net_6850;net_7431;net_353;net_532;net_7785
1;0;net_2122;net_3882;net_4086;net_6211;net_7139;net_241;net_726;net_8367
16;0;net_307;net_4102;net_5838;net_5994;net_7433;net_377;net_3096;net_4108
18;0;net_0;net_1;net_3724;net_5805;net_6094;net_1305;net_2135;net_5134
19;0;net_3385;net_4783;net_5841;net_6377;net_8548;net_17;net_104;net_641
27;0;net_0;net_219;net_3952;net_4056;net_7866;net_450;net_884;net_6052
37;0;net_3311;net_6136;net_8132;net_8296;net_8590;net_215;net_3803;net_4065
110;0;net_1050;net_1940;net_1950;net_5164;net_5880;net_3509;net_5130;net_7956
45;0;net_334;net_2003;net_5157;net_5781;net_8253;;;
48;0;net_941;net_1652;net_3450;net_6550;net_8532;net_3922;net_4152;net_5266
49;0;net_1;net_1063;net_1152;net_4850;net_5669;net_0;net_4311;net_6300
41;0;net_0;net_364;net_486;net_7368;net_7809;net_213;net_3548;net_4647
57;0;net_0;net_600;net_3010;net_8073;net_8590;net_9;net_928;net_3132
58;0;net_0;net_388;net_4276;net_7870;net_8156;net_140;net_530;net_4033
64;0;net_774;net_2121;net_2159;net_2461;net_4740;net_396;net_4424;net_8711
65;0;net_2666;net_2941;net_3224;net_3229;net_7983;net_431;net_5509;net_6058
66;0;net_369;net_2494;net_4319;net_5365;net_7235;;;
74;0;net_1;net_8;net_2398;net_5586;net_6493;net_46;net_2640;net_7536
75;0;net_3329;net_5665;net_6818;net_7565;net_8478;;;
80;0;net_479;net_1933;net_2355;net_6367;net_8715;net_2134;net_5016;net_5427
69;0;net_0;net_1090;net_4168;net_5287;net_7918;net_518;net_3308;net_4193
97;0;net_65;net_1086;net_1228;net_4335;net_7426;net_1610;net_3487;net_6817
101;0;net_0;net_829;net_1666;net_4426;net_5976;net_894;net_5208;net_7901
106;0;net_0;net_36;net_5049;net_7016;net_8760;net_311;net_1417;net_5704
108;0;net_0;net_424;net_2266;net_4898;net_7509;net_327;net_938;net_5152
113;0;net_1;net_719;net_3043;net_5489;net_8758;net_2065;net_4103;net_8604
119;0;net_1;net_3802;net_7010;net_7860;net_8570;net_2007;net_2797;net_3215
125;0;net_1198;net_2269;net_2444;net_3531;net_5090;net_299;net_6553;net_7950
130;0;net_417;net_2636;net_3930;net_4541;net_4827;net_1229;net_1381;net_5626
138;0;net_1844;net_1876;net_4077;net_4283;net_4944;net_1741;net_6377;net_7150
139;0;net_85;net_1469;net_5822;net_6122;net_8021;net_174;net_3190;net_4469
141;0;net_183;net_4169;net_5494;net_7192;net_7252;net_1625;net_3667;
147;0;net_125;net_313;net_2788;net_3291;net_3817;net_130;net_4335;net_5075
149;0;net_2517;net_2657;net_2877;net_3566;net_7430;;;
159;0;net_1;net_348;net_811;net_2952;net_6799;net_2759;net_4717;net_7306
163;0;net_465;net_3911;net_4901;net_5602;net_6082;net_0;net_1950;net_7886
175;0;net_2249;net_5242;net_5489;net_8077;net_8318;;;
176;0;net_1011;net_2137;net_2849;net_3019;net_6966;;;
177;0;net_1560;net_2062;net_2393;net_5094;net_6783;net_89;net_3224;net_6209
192;0;net_0;net_2436;net_3506;net_3984;net_7753;net_4110;net_5541;net_7402
180;0;net_0;net_1212;net_3059;net_4896;net_5497;net_2153;net_2175;net_8185
182;0;net_0;net_3005;net_3300;net_3844;net_4961;net_2577;net_4416;net_5776
184;0;net_1;net_1070;net_1858;net_6720;net_8173;net_1805;net_4175;net_6778
185;0;net_655;net_2511;net_3088;net_4312;net_4755;net_2316;net_4836;net_6017
178;0;net_601;net_2393;net_6227;net_6560;net_7807;net_1;net_224;net_3537
207;0;net_0;net_3534;net_6392;net_8211;net_8734;net_3278;net_3884;net_5559
195;0;net_2265;net_2327;net_2703;net_5436;net_6947;net_713;net_4178;net_6937
200;0;net_362;net_380;net_1675;net_1821;net_1986;net_1445;net_6699;net_6884
201;0;net_1835;net_1892;net_4007;net_4787;net_5406;net_1;net_5933;net_7265
206;0;net_212;net_391;net_3035;net_3639;net_3689;net_3080;net_5699;net_6026
209;0;net_0;net_1865;net_2513;net_3104;net_6699;net_684;net_7188;net_8389
213;0;net_253;net_722;net_1367;net_2015;net_4218;net_1228;net_7214;net_7660
217;0;net_419;net_887;net_2126;net_3911;net_6137;net_62;net_5202;net_6194
218;0;net_0;net_2796;net_4254;net_7894;net_8735;net_2380;net_3325;net_3816
205;0;net_1094;net_1514;net_2284;net_6606;net_7142;net_1928;net_5689;net_7742
222;0;net_776;net_1796;net_3135;net_4053;net_8640;;;
224;0;net_159;net_425;net_4458;net_8118;net_8571;net_684;net_907;net_4264
229;0;net_4098;net_4540;net_5019;net_5024;net_8400;;;
231;0;net_1;net_59;net_2254;net_5182;net_8688;net_184;net_1064;net_4258
235;0;net_1;net_1990;net_2125;net_2841;net_4373;net_292;net_1530;net_5231
236;0;net_107;net_4423;net_6713;net_6807;net_7484;;;
237;0;net_0;net_942;net_1898;net_4049;net_5051;net_1825;net_7014;net_7167
240;0;net_1587;net_6205;net_6753;net_6973;net_8196;;;
243;0;net_1320;net_1492;net_1824;net_3107;net_4980;;;
244;0;net_1108;net_1347;net_3875;net_3906;net_5970;;;
249;0;net_530;net_5827;net_7451;net_7565;net_8544;;;
254;0;net_345;net_677;net_2078;net_2661;net_4918;net_2177;net_6311;
261;0;net_0;net_1999;net_5273;net_5371;net_8233;net_1323;net_1916;net_4503
303;0;net_1107;net_2712;net_3101;net_5868;net_7520;net_702;net_7131;net_8581
263;0;net_1675;net_4067;net_5398;net_7742;net_8594;net_1511;net_1910;net_5569
268;0;net_0;net_1175;net_4337;net_5024;net_5518;net_1550;net_2904;net_5345
260;0;net_3132;net_4585;net_5154;net_6233;net_7827;;;
276;0;net_1973;net_4946;net_5684;net_7296;net_7813;;;
277;0;net_2619;net_2994;net_3012;net_6918;net_6924;net_414;net_3889;net_5077
278;0;net_448;net_4063;net_8356;net_8420;net_8482;net_8;net_2514;net_6338
281;0;net_1;net_323;net_1676;net_3246;net_4125;net_312;net_5514;net_7818
285;0;net_110;net_966;net_1391;net_1949;net_4706;net_1741;net_6674;net_7591
302;0;net_968;net_3712;net_3847;net_4621;net_6786;net_541;net_5406;net_5427
290;0;net_1;net_105;net_2415;net_6772;net_8120;net_433;net_2577;net_5257
291;0;net_135;net_232;net_5634;net_6837;net_6944;net_384;net_1417;net_1795
292;0;net_0;net_1014;net_5228;net_8336;net_8736;net_176;net_1487;net_3758
295;0;net_1;net_453;net_6848;net_6921;net_6936;net_1749;net_2076;net_4002
304;0;net_1456;net_1849;net_3471;net_3893;net_5421;;;
308;0;net_67;net_397;net_916;net_1457;net_1926;net_1;net_2807;net_5348
312;0;net_675;net_2633;net_4745;net_5574;net_7405;net_3469;net_4002;net_6177
319;0;net_2251;net_2361;net_2494;net_3119;net_6886;;;
321;0;net_1;net_2608;net_3937;net_6132;net_8269;net_3189;net_4066;net_7495
334;0;net_0;net_929;net_2370;net_3697;net_6679;net_4020;net_5278;net_7865
336;0;net_1083;net_1223;net_2265;net_3434;net_5056;;;
337;0;net_3897;net_5953;net_6386;net_7052;net_7630;;;
338;0;net_1;net_1486;net_2651;net_2870;net_8667;net_2687;net_6588;net_6944
342;0;net_420;net_2067;net_2661;net_2806;net_3614;net_0;net_191;net_4928
353;0;net_37;net_1152;net_2111;net_4232;net_7734;net_2896;net_3167;net_7681
354;0;net_187;net_659;net_1765;net_2091;net_8046;;;
369;0;net_0;net_1;net_3388;net_7253;net_7847;net_116;net_367;net_8326
375;0;net_1;net_427;net_5357;net_5846;net_6093;net_754;net_2830;net_3701
383;0;net_150;net_1762;net_4435;net_7528;net_8375;net_1362;net_1525;net_7392
387;0;net_166;net_1522;net_3755;net_4603;net_7640;net_526;net_6809;net_6862
391;0;net_0;net_502;net_2295;net_2953;net_4674;net_317;net_1761;net_8660
394;0;net_271;net_1645;net_3420;net_5736;net_7602;net_0;net_1577;net_5285
412;0;net_667;net_2637;net_3339;net_3687;net_4942;;;
398;0;net_538;net_746;net_1401;net_4205;net_6410;net_2975;net_8475;net_8564
416;0;net_395;net_2093;net_3328;net_5406;net_7104;net_3098;net_7936;net_8064
428;0;net_1380;net_4103;net_4901;net_5851;net_6248;net_680;net_2393;net_7467
438;0;net_1835;net_2113;net_3526;net_7149;net_7334;net_497;net_4794;net_8673
443;0;net_1104;net_4740;net_4997;net_5028;net_5281;;;
448;0;net_326;net_4700;net_5202;net_8544;net_8709;;;
450;0;net_0;net_137;net_489;net_2309;net_7550;net_86;net_814;net_3231
459;0;net_1;net_914;net_3532;net_3612;net_7317;net_3857;net_5578;net_8136
469;0;net_1206;net_1388;net_2232;net_3087;net_8033;;;
470;0;net_353;net_953;net_2350;net_3335;net_5817;net_137;net_2865;net_7905
478;0;net_613;net_1185;net_1863;net_3090;net_4662;;;
523;0;net_921;net_3247;net_3791;net_4102;net_8238;net_422;net_8723;
487;0;net_1392;net_2390;net_3220;net_3961;net_5626;net_412;net_4745;
480;0;net_90;net_1357;net_2281;net_2930;net_4051;;;
502;0;net_1;net_2521;net_5202;net_5635;net_5783;net_2607;net_3034;net_5612
505;0;net_1;net_346;net_1736;net_2777;net_5011;net_59;net_2399;net_4645
515;0;net_1;net_3501;net_4955;net_5031;net_5616;net_1198;net_1925;net_6422
527;0;net_3800;net_4359;net_4881;net_6822;net_7972;;;
494;0;net_104;net_2474;net_3036;net_8315;net_8664;net_930;net_1310;net_7120
538;0;net_1431;net_5097;net_5879;net_7503;net_7970;;;
540;0;net_140;net_1167;net_6237;net_6523;net_7827;net_2287;net_3643;net_5475
545;0;net_1095;net_3481;net_5249;net_6452;net_6905;net_585;net_3742;net_8085
547;0;net_913;net_1420;net_2469;net_3228;net_7108;net_4441;net_4716;net_7576
563;0;net_0;net_4856;net_5238;net_7214;net_7641;net_652;net_1362;net_2005
553;0;net_1675;net_3613;net_4141;net_6983;net_7927;net_3087;net_4088;net_8409
560;0;net_242;net_1914;net_6456;net_6726;net_6995;net_2078;net_2722;net_5956
569;0;net_339;net_3848;net_4251;net_5975;net_7486;;;
572;0;net_779;net_6394;net_7425;net_7694;net_8007;net_1;net_907;net_2433
574;0;net_130;net_2950;net_7054;net_7560;net_8077;net_892;net_1885;net_8763
579;0;net_187;net_2080;net_4050;net_6945;net_7777;net_0;net_1149;net_6378
580;0;net_671;net_1724;net_3557;net_4152;net_7148;net_360;net_3712;net_4312
583;0;net_0;net_2669;net_3850;net_5166;net_5203;net_115;net_5216;net_5945
586;0;net_383;net_1429;net_6055;net_6347;net_6584;;;
587;0;net_1;net_233;net_2412;net_5878;net_7694;net_738;net_1579;net_7431
588;0;net_485;net_1347;net_5247;net_6168;net_7793;net_3538;net_3791;net_5615
0;0;net_0;net_544;net_925;net_4891;net_7528;net_55;net_3011;net_7521
599;0;net_129;net_3223;net_4817;net_4922;net_8171;net_1002;net_3804;net_6198
601;0;net_1;net_703;net_5541;net_8221;net_8357;net_803;net_1568;net_5552
602;0;net_1;net_1418;net_4266;net_4657;net_5058;net_175;net_2918;net_7566
605;0;net_1;net_3134;net_5352;net_5577;net_6542;net_270;net_1998;net_8353
607;0;net_0;net_2762;net_4021;net_7268;net_7997;net_1174;net_1818;net_7798
611;0;net_2625;net_4466;net_5877;net_6679;net_6818;;;
612;0;net_1361;net_1531;net_2941;net_4221;net_8413;net_2144;net_4532;net_4723
622;0;net_488;net_669;net_7001;net_7679;net_8234;net_622;net_941;net_7819
623;0;net_1;net_956;net_1914;net_5388;net_7314;net_1766;net_5453;net_7090
626;0;net_379;net_3731;net_5133;net_6105;net_7206;net_683;net_859;net_5177
629;0;net_136;net_549;net_2364;net_6566;net_6752;net_1133;net_5438;net_8740
633;0;net_636;net_2473;net_3928;net_5243;net_5499;net_2126;net_6280;net_8338
636;0;net_680;net_880;net_1634;net_5549;net_8200;net_2235;net_6167;net_7744
645;0;net_204;net_3221;net_6981;net_8195;net_8534;;;
647;0;net_2831;net_7065;net_7713;net_7859;net_8599;;;
653;0;net_0;net_1;net_102;net_3434;net_6902;net_2426;net_5834;net_6058
657;0;net_0;net_268;net_3158;net_5212;net_5725;net_2672;net_4023;net_6197
644;0;net_0;net_232;net_1808;net_4771;net_4818;net_1857;net_8000;net_8359
659;0;net_1;net_1495;net_2942;net_6586;net_7856;net_1897;net_5769;net_6445
669;0;net_0;net_1091;net_1266;net_1442;net_3935;net_142;net_6923;net_7693
677;0;net_1;net_419;net_2262;net_5803;net_8363;net_459;net_4637;net_4966
680;0;net_134;net_2095;net_2863;net_7028;net_7050;net_950;net_4267;net_6437
688;0;net_1;net_2000;net_2391;net_2580;net_3872;;;
690;0;net_94;net_1138;net_1471;net_3246;net_7496;net_3802;net_7106;net_7541
693;0;net_0;net_2941;net_4043;net_4158;net_4369;net_2139;net_5971;net_6862
694;0;net_208;net_330;net_2023;net_3729;net_7773;net_1865;net_1901;net_8041
701;0;net_1;net_144;net_2161;net_2713;net_3115;net_2409;net_6064;net_8494
703;0;net_859;net_966;net_1749;net_2151;net_7490;;;
704;0;net_0;net_37;net_2714;net_5323;net_5539;net_494;net_3735;net_6309
707;0;net_273;net_289;net_1187;net_1603;net_3198;;;
708;0;net_1186;net_1242;net_2687;net_7971;net_8546;net_1023;net_5861;net_7727
715;0;net_381;net_2033;net_3834;net_4981;net_5800;net_1975;net_6439;net_7482
716;0;net_2922;net_4025;net_4417;net_8039;net_8605;net_916;net_2759;net_8198
720;0;net_1362;net_2362;net_3884;net_3982;net_6221;net_4441;net_8754;
722;0;net_354;net_1003;net_1321;net_5389;net_5740;net_2766;net_3191;net_4393
734;0;net_0;net_160;net_2766;net_4311;net_6794;net_1272;net_3131;net_7884
744;0;net_1319;net_2006;net_3739;net_6552;net_7520;net_3222;net_4191;net_7614
748;0;net_58;net_988;net_998;net_6678;net_7949;net_1067;net_5485;net_8574
750;0;net_1;net_133;net_1769;net_7698;net_8549;net_370;net_2252;net_3065
751;0;net_0;net_3846;net_5005;net_5082;net_6643;net_1611;net_3458;net_6301
752;0;net_0;net_1003;net_2869;net_6226;net_7447;net_2793;net_6504;net_6539
753;0;net_708;net_766;net_1594;net_2934;net_7353;net_5137;net_6323;net_7027
713;0;net_0;net_2428;net_5923;net_7487;net_8712;net_656;net_829;net_1282
837;0;net_208;net_1873;net_4331;net_4925;net_7290;net_505;net_3945;net_6574
770;0;net_0;net_1879;net_5727;net_6132;net_7879;net_298;net_894;net_2461
772;0;net_1120;net_1166;net_2027;net_2791;net_8374;;;
778;0;net_530;net_5928;net_6797;net_7319;net_8034;;;
788;0;net_0;net_2986;net_6256;net_7188;net_8089;net_705;net_4011;net_6354
790;0;net_1;net_1692;net_1822;net_2784;net_7665;net_1292;net_6254;net_6876
791;0;net_0;net_215;net_2002;net_2007;net_6468;net_1170;net_5366;net_7495
795;0;net_34;net_407;net_2372;net_2677;net_5013;net_44;net_3985;net_4276
803;0;net_3624;net_4039;net_6485;net_6798;net_8632;net_1698;net_3676;net_4718
804;0;net_0;net_298;net_411;net_5813;net_7913;net_1404;net_1560;net_5260
852;0;net_0;net_92;net_1197;net_1233;net_3122;net_3263;net_5256;net_7239
812;0;net_2246;net_2496;net_3203;net_3989;net_8666;;;
814;0;net_596;net_925;net_2133;net_3019;net_8645;;;
815;0;net_1386;net_1423;net_4739;net_5805;net_8116;net_627;net_1559;net_8566
825;0;net_76;net_198;net_3006;net_4213;net_8148;net_974;net_3201;net_4182
844;0;net_3453;net_3764;net_4680;net_5776;net_8161;net_1;net_955;net_3984
866;0;net_711;net_3006;net_5881;net_7349;net_7494;net_1437;net_2496;net_5350
877;0;net_1;net_1630;net_1954;net_3138;net_8596;net_1695;net_4902;net_8283
882;0;net_0;net_3696;net_4711;net_8426;net_8770;net_1757;net_2889;net_5756
883;0;net_1;net_75;net_2867;net_5430;net_7152;net_3411;net_5656;net_8093
887;0;net_82;net_184;net_1510;net_3773;net_7726;net_3212;net_4269;net_5592
889;0;net_256;net_3975;net_7251;net_7939;net_8438;;;
898;0;net_0;net_2308;net_2413;net_2847;net_7986;net_661;net_4466;net_8695
901;0;net_1912;net_2592;net_2882;net_5543;net_5598;net_3545;net_7080;net_8341
921;0;net_1;net_435;net_4077;net_5446;net_7406;net_68;net_3178;net_4253
909;0;net_484;net_767;net_4735;net_5572;net_7605;net_486;net_3653;net_4886
913;0;net_695;net_1424;net_1720;net_2303;net_6862;;;
916;0;net_737;net_2842;net_4038;net_7816;net_8731;net_2440;net_4932;net_6019
918;0;net_567;net_1592;net_3843;net_3894;net_8591;;;
923;0;net_72;net_267;net_1789;net_2856;net_3744;net_3661;net_4822;net_6516
925;0;net_1564;net_2079;net_6636;net_6668;net_7137;net_1705;net_3151;net_4843
928;0;net_1044;net_2841;net_2890;net_3196;net_5093;;;
948;0;net_0;net_3105;net_3312;net_4910;net_5379;net_3534;net_4303;net_4657
935;0;net_1886;net_2080;net_4460;net_6860;net_8680;net_940;net_2141;net_4592
961;0;net_1921;net_5184;net_6946;net_8202;net_8580;;;
949;0;net_246;net_1386;net_6458;net_6661;net_8140;;;
950;0;net_0;net_2858;net_6367;net_6597;net_6836;net_674;net_1550;net_2783
956;0;net_480;net_3276;net_3314;net_4055;net_5623;;;
959;0;net_1399;net_1605;net_3694;net_4247;net_8107;net_234;net_616;net_6515
960;0;net_1;net_9;net_592;net_6039;net_6972;net_300;net_903;net_3237
973;0;net_255;net_417;net_3630;net_5437;net_6786;net_1849;net_2315;net_7189
975;0;net_2359;net_3461;net_5541;net_6408;net_8186;net_1058;net_3384;net_4494
907;0;net_0;net_660;net_1633;net_3558;net_7474;net_1418;net_6565;net_7004
980;0;net_1371;net_3493;net_4027;net_7129;net_7631;net_1090;net_4710;net_5536
981;0;net_0;net_309;net_6767;net_7098;net_8668;net_2903;net_3551;net_7556
992;0;net_1673;net_4701;net_6078;net_8136;net_8496;net_556;net_2800;net_2953
994;0;net_1993;net_3010;net_5242;net_6026;net_7997;net_3143;net_3180;net_5682
996;0;net_1684;net_3414;net_6352;net_7178;net_7768;net_1272;net_2506;net_4305
998;0;net_1767;net_3929;net_4738;net_6996;net_7744;net_327;net_1432;net_7190
1001;0;net_896;net_1682;net_2722;net_4017;net_6755;;;
989;0;net_1634;net_5385;net_6501;net_7722;net_8397;;;
1007;0;net_1609;net_1642;net_1662;net_2835;net_6467;;;
1009;0;net_377;net_2480;net_2595;net_7163;net_8160;net_0;net_1067;net_2719
1015;0;net_81;net_1467;net_2079;net_2288;net_5352;net_123;net_4684;net_6831
1025;0;net_63;net_211;net_1512;net_3477;net_7122;net_1919;net_4871;net_8285
1028;0;net_2480;net_3067;net_3830;net_6224;net_7218;net_1871;net_5047;net_7629
1030;0;net_0;net_1;net_2742;net_3871;net_7464;net_2935;net_6471;net_6893
1072;0;net_2;net_1463;net_4403;net_4780;net_7026;net_1277;net_1737;net_6117
1033;0;net_1273;net_1629;net_2251;net_2742;net_4359;net_1;net_6656;net_8543
1037;0;net_1094;net_2266;net_2864;net_3408;net_7109;;;
1041;0;net_40;net_3795;net_4095;net_5156;net_6746;net_1580;net_6043;net_8274
1029;0;net_1130;net_2909;net_3104;net_6140;net_6483;net_3159;net_6420;net_7728
1055;0;net_1100;net_1567;net_3064;net_5917;net_6125;net_398;net_1966;net_4133
1071;0;net_1;net_179;net_1605;net_6779;net_7150;net_2103;net_3650;net_5568
1059;0;net_1;net_537;net_3568;net_7212;net_7444;net_385;net_5218;net_7799
1062;0;net_1811;net_3943;net_4851;net_6375;net_8016;net_459;net_1737;net_7797
1066;0;net_0;net_138;net_1522;net_2431;net_7868;net_1669;net_2726;net_5162
1057;0;net_0;net_89;net_2825;net_3440;net_7926;net_850;net_4190;net_7568
1091;0;net_0;net_1;net_300;net_572;net_705;net_2666;net_4447;net_7327
1095;0;net_0;net_2754;net_4448;net_5412;net_8147;net_2066;net_2785;net_3717
1126;0;net_342;net_2087;net_2348;net_6695;net_6795;net_2990;net_5888;net_7630
1110;0;net_0;net_1245;net_2524;net_3005;net_4298;net_566;net_8008;net_8415
1139;0;net_0;net_151;net_214;net_2090;net_2167;net_3938;net_5339;net_7438
1134;0;net_430;net_914;net_2387;net_3978;net_8604;net_3686;net_5940;net_6408
1137;0;net_530;net_3903;net_4194;net_5687;net_6943;net_3021;net_3104;net_4303
1138;0;net_162;net_966;net_4802;net_5315;net_5535;;;
1145;0;net_0;net_329;net_1900;net_6561;net_8470;net_1756;net_2885;net_3009
1147;0;net_344;net_1843;net_3551;net_3642;net_8243;net_927;net_4325;net_7731
1148;0;net_1763;net_2658;net_3481;net_4309;net_6740;net_3051;net_5807;net_6002
1149;0;net_211;net_2061;net_3793;net_6049;net_7060;net_1606;net_1669;net_6235
1150;0;net_1;net_1729;net_3132;net_6655;net_8364;net_1161;net_6106;net_7346
1151;0;net_910;net_1051;net_1478;net_3331;net_4365;;;
1152;0;net_0;net_1807;net_3702;net_3802;net_5327;net_3467;net_4904;net_6627
1157;0;net_0;net_100;net_2583;net_4698;net_6539;net_449;net_1830;net_8620
1159;0;net_154;net_1872;net_3751;net_4743;net_8365;net_1529;net_3959;net_5514
1161;0;net_209;net_3116;net_3726;net_4024;net_6526;net_1116;net_7562;net_8312
1162;0;net_17;net_35;net_881;net_1158;net_4975;net_2236;net_3822;net_7504
1165;0;net_0;net_3083;net_4450;net_6133;net_8454;net_2812;net_2874;net_3857
1169;0;net_1272;net_3191;net_3711;net_3961;net_8191;;;
1171;0;net_1305;net_7069;net_7488;net_7993;net_8233;;;
1172;0;net_1923;net_4280;net_4510;net_4594;net_8263;;;
1175;0;net_0;net_1;net_29;net_430;net_4512;net_167;net_3289;net_4133
1190;0;net_0;net_1401;net_1911;net_6513;net_6657;net_3311;net_5149;net_8165
1191;0;net_611;net_1887;net_2435;net_5074;net_8185;net_1404;net_5046;net_5271
1153;0;net_85;net_618;net_3678;net_4032;net_8553;net_2178;net_6116;net_8292
1277;0;net_3991;net_4798;net_5141;net_6604;net_8258;;;
1201;0;net_395;net_3800;net_4311;net_4903;net_7635;net_2056;net_2721;net_7998
1206;0;net_1722;net_2860;net_3132;net_3690;net_5032;;;
1215;0;net_0;net_2827;net_4467;net_4673;net_8609;net_619;net_2344;net_4294
1228;0;net_2266;net_2480;net_3426;net_5284;net_8733;net_3388;net_5096;net_7386
1238;0;net_752;net_802;net_1940;net_2330;net_8186;;;
1241;0;net_0;net_1786;net_3812;net_6671;net_8644;net_1309;net_1876;net_8024
1248;0;net_727;net_1486;net_3299;net_4766;net_4960;net_1936;net_6264;net_6705
1252;0;net_232;net_1204;net_4710;net_6738;net_8288;net_1389;net_1626;net_5765
1253;0;net_496;net_659;net_1085;net_3800;net_6867;;;
1255;0;net_384;net_1924;net_4441;net_4572;net_5681;net_306;net_616;net_7776
1256;0;net_0;net_1566;net_1675;net_2114;net_5047;net_2884;net_6409;net_7483
1259;0;net_90;net_330;net_723;net_755;net_8087;net_1490;net_3288;net_5722
1261;0;net_2776;net_5130;net_5326;net_6115;net_8600;net_629;net_1519;net_2183
1262;0;net_569;net_1537;net_3480;net_6109;net_7845;net_76;net_3654;net_5439
1269;0;net_973;net_1174;net_1748;net_3803;net_7810;;;
1272;0;net_1183;net_2651;net_2962;net_4620;net_8492;net_717;net_4895;net_6705
1273;0;net_178;net_273;net_769;net_2676;net_8603;net_2225;net_2240;net_5351
1286;0;net_0;net_3458;net_4104;net_5538;net_7786;net_848;net_3214;net_4707
1287;0;net_0;net_1;net_339;net_393;net_8450;net_967;net_6114;net_7542
1289;0;net_743;net_1419;net_2179;net_3129;net_7422;;;
1306;0;net_1561;net_1996;net_2693;net_3013;net_7906;;;
1299;0;net_510;net_4785;net_5536;net_7065;net_8116;;;
1303;0;net_411;net_1231;net_1959;net_6475;net_7276;net_3117;net_4084;net_7332
1305;0;net_397;net_3282;net_6378;net_6523;net_7470;net_1351;net_1743;net_5780
1017;0;net_2026;net_4935;net_5807;net_6534;net_8092;;;
1307;0;net_1;net_3071;net_4707;net_5774;net_8319;net_1261;net_1926;net_3911
1310;0;net_0;net_332;net_3470;net_4392;net_6797;net_1973;net_2254;net_8066
1315;0;net_1326;net_1497;net_1849;net_7011;net_7716;net_1971;net_4457;net_5226
1316;0;net_279;net_2058;net_2226;net_7946;net_8322;net_2151;net_3711;net_7203
1317;0;net_1;net_17;net_888;net_4004;net_8160;net_937;net_6651;net_7272
1327;0;net_300;net_874;net_880;net_1862;net_2766;;;
1328;0;net_541;net_779;net_4313;net_7718;net_7864;net_1175;net_1269;net_8373
1330;0;net_0;net_1812;net_2141;net_4400;net_4615;net_1389;net_3489;net_6063
1331;0;net_59;net_3813;net_5108;net_6105;net_6695;net_1362;net_2899;net_3623
1340;0;net_0;net_2582;net_4506;net_5983;net_6330;net_606;net_2350;net_6374
1343;0;net_560;net_2011;net_5602;net_6102;net_7777;net_1282;net_3090;net_7795
1344;0;net_0;net_1;net_1799;net_7915;net_8556;net_2082;net_6179;net_6294
1352;0;net_1;net_1548;net_2840;net_6230;net_8513;net_1800;net_4228;net_6571
1356;0;net_98;net_635;net_839;net_7724;net_8209;net_1904;net_2473;net_7710
1357;0;net_0;net_340;net_1030;net_1200;net_2774;net_3869;net_5626;net_7736
1365;0;net_536;net_568;net_2991;net_3164;net_6070;;;
1370;0;net_1658;net_5996;net_7334;net_7633;net_7714;;;
1359;0;net_0;net_1;net_6044;net_7099;net_7723;net_2030;net_2653;net_2919
1319;0;net_1884;net_2634;net_5261;net_7714;net_7914;net_2301;net_3902;net_7076
1380;0;net_299;net_4443;net_5136;net_7791;net_8097;;;
1388;0;net_132;net_151;net_1178;net_1583;net_2115;net_4689;net_5460;net_5680
1391;0;net_807;net_1499;net_2692;net_3732;net_6576;;;
1410;0;net_165;net_2936;net_5334;net_6587;net_7165;net_1701;net_3172;
1418;0;net_190;net_2111;net_3640;net_3803;net_7955;net_354;net_580;net_4810
1426;0;net_1;net_2139;net_2947;net_2989;net_3115;;;
1414;0;net_98;net_150;net_1198;net_3990;net_7801;net_2686;net_5712;net_8536
1443;0;net_7;net_1402;net_1422;net_3076;net_4485;net_130;net_2753;net_8173
1433;0;net_965;net_2891;net_3558;net_4618;net_5088;net_533;net_8262;net_8370
1434;0;net_0;net_426;net_876;net_1595;net_4547;net_59;net_1767;net_3619
1435;0;net_1;net_49;net_238;net_420;net_6902;net_95;net_2648;net_3173
1449;0;net_2148;net_4341;net_6021;net_7030;net_8604;;;
1460;0;net_1;net_2281;net_2914;net_3880;net_6674;net_1249;net_5078;net_6761
1462;0;net_234;net_1908;net_2886;net_6329;net_7234;net_2073;net_2245;net_6366
878;0;net_1275;net_1516;net_3768;net_4240;net_5004;net_1705;net_5956;net_7057
1475;0;net_534;net_887;net_2388;net_5669;net_8378;net_561;net_7292;net_8411
1477;0;net_3067;net_6702;net_7321;net_8329;net_8375;;;
1478;0;net_250;net_419;net_1768;net_3521;net_5036;net_4510;net_6851;net_8482
1492;0;net_1709;net_2226;net_3275;net_4710;net_8294;net_1741;net_6446;net_8645
1499;0;net_29;net_2109;net_2116;net_5262;net_8602;net_834;net_2739;net_5737
1500;0;net_1234;net_1250;net_2431;net_2450;net_6977;;;
1502;0;net_203;net_2291;net_3217;net_3988;net_4570;net_1535;net_4122;net_4890
1505;0;net_2059;net_5205;net_6112;net_6280;net_7444;;;
1526;0;net_0;net_216;net_1975;net_5692;net_5805;net_2953;net_3730;net_4608
1482;0;net_442;net_703;net_1071;net_1836;net_7659;;;
1527;0;net_1290;net_1625;net_3477;net_5013;net_8583;net_3472;net_4431;net_6498
1533;0;net_3303;net_4283;net_5074;net_7133;net_8732;;;
1534;0;net_1;net_335;net_724;net_6487;net_8303;net_329;net_3327;net_7123
1523;0;net_1168;net_2068;net_3499;net_4918;net_7559;net_2119;net_5629;net_6430
1542;0;net_2148;net_3452;net_5901;net_6558;net_6886;net_1056;net_1714;net_7461
1545;0;net_1;net_1831;net_2477;net_3488;net_6249;net_3326;net_4477;net_6209
1550;0;net_1;net_726;net_4366;net_5822;net_6515;net_2793;net_2803;net_5706
1555;0;net_757;net_5555;net_6624;net_6664;net_7886;net_620;net_1555;net_2262
1560;0;net_0;net_2691;net_4980;net_7558;net_8399;net_2617;net_3568;net_6263
1570;0;net_1374;net_2023;net_2312;net_3691;net_7098;;;
1573;0;net_0;net_2173;net_4765;net_4890;net_7976;net_746;net_2638;net_4220
1575;0;net_1051;net_4358;net_5685;net_7769;net_7890;;;
1577;0;net_1;net_3837;net_5281;net_5838;net_7494;net_3258;net_3621;net_5523
1581;0;net_0;net_1000;net_4806;net_5361;net_7397;net_1034;net_2009;net_4386
1589;0;net_269;net_4029;net_6116;net_7988;net_8454;;;
1591;0;net_330;net_780;net_2983;net_3710;net_7623;net_1520;net_6838;net_8246
1594;0;net_1;net_2183;net_2349;net_3934;net_5499;net_1560;net_4647;net_8536
1605;0;net_2489;net_3625;net_7076;net_7646;net_8684;net_1795;net_2253;net_5090
1611;0;net_0;net_3116;net_5375;net_5993;net_6154;net_2973;net_3485;net_6994
1615;0;net_378;net_1021;net_6691;net_8052;net_8134;net_1091;net_2585;net_7220
1616;0;net_546;net_687;net_835;net_870;net_8007;;;
1618;0;net_728;net_1421;net_4091;net_6557;net_8496;net_349;net_383;net_4514
1626;0;net_496;net_3144;net_4094;net_6150;net_8134;net_1852;net_5882;net_7442
1631;0;net_443;net_1184;net_1379;net_4986;net_7449;net_3136;net_5410;net_6421
1632;0;net_0;net_1356;net_1803;net_8036;net_8461;net_106;net_2790;net_3684
1636;0;net_0;net_1205;net_4572;net_7667;net_8059;net_1847;net_2324;net_5463
1639;0;net_1278;net_2408;net_2500;net_5091;net_5147;net_30;net_3485;net_4965
1643;0;net_0;net_1;net_3158;net_4692;net_6829;net_3127;net_6389;net_8467
1646;0;net_329;net_1134;net_2971;net_3517;net_6933;net_279;net_4059;net_5533
1633;0;net_2755;net_3563;net_5036;net_6052;net_8359;net_636;net_3663;net_4648
1651;0;net_366;net_720;net_2000;net_3867;net_4310;net_135;net_3081;net_8616
1655;0;net_0;net_3285;net_7530;net_8403;net_8757;net_903;net_951;net_5883
1660;0;net_501;net_4175;net_5001;net_5226;net_8771;;;
1671;0;net_353;net_2591;net_2947;net_6731;net_7439;net_2119;net_2265;net_8669
1672;0;net_142;net_1668;net_2148;net_4385;net_6449;net_2158;net_4108;net_8583
1674;0;net_0;net_3017;net_6785;net_6874;net_7769;net_218;net_220;net_7437
1691;0;net_172;net_347;net_924;net_7106;net_8404;net_952;net_1335;net_5187
1679;0;net_293;net_1176;net_1434;net_1812;net_3402;;;
1685;0;net_1762;net_4424;net_4866;net_5602;net_7405;;;
1694;0;net_0;net_199;net_5618;net_7144;net_8711;;;
1698;0;net_2473;net_4267;net_4400;net_4731;net_4875;;;
1701;0;net_764;net_4668;net_6117;net_6972;net_7121;;;
1707;0;net_1375;net_2886;net_4208;net_7633;net_8204;;;
1712;0;net_0;net_122;net_158;net_301;net_5516;;;
1713;0;net_130;net_2865;net_5018;net_6547;net_8068;;;
1714;0;net_443;net_657;net_1082;net_1340;net_4643;;;
1715;0;net_393;net_1184;net_2799;net_3869;net_5338;;;
1704;0;net_2259;net_3214;net_3480;net_3659;net_5637;;;
1722;0;net_0;net_1370;net_3517;net_4342;net_4562;;;
1723;0;net_2356;net_3076;net_4473;net_5103;net_8757;;;
1724;0;net_0;net_46;net_103;net_1131;net_1207;;;
1729;0;net_61;net_2432;net_3441;net_4199;net_7789;;;
1716;0;net_109;net_1533;net_1799;net_2427;net_8095;;;
1736;0;net_1;net_593;net_6867;net_7149;net_7637;;;
1744;0;net_1177;net_1281;net_1509;net_1830;net_5623;;;
1167;0;net_1;net_1746;net_3531;net_4788;net_8652;net_980;net_4569;net_6202
1754;0;net_1814;net_1901;net_3674;net_3939;net_4372;;;
12;0;net_185;net_1333;net_4191;net_7232;net_611;net_2445;net_3657;net_8061
22;0;net_393;net_1043;net_2129;net_8238;net_1264;net_5310;net_6648;net_6703
51;0;net_1588;net_2313;net_2771;net_6294;net_1459;net_4933;net_5897;net_7036
53;0;net_1036;net_3839;net_4614;net_8255;net_368;net_1490;net_2995;net_6545
63;0;net_27;net_1166;net_1918;net_5349;net_1225;net_7452;net_7849;net_8361
137;0;net_1037;net_1604;net_1606;net_8294;net_1070;net_5666;net_7547;net_8130
144;0;net_449;net_3075;net_3476;net_6746;net_3747;net_5551;net_7210;net_8509
148;0;net_341;net_3233;net_6669;net_8360;net_659;net_1945;net_7396;net_7882
157;0;net_1338;net_2138;net_2145;net_6573;net_2001;net_6129;net_6993;net_7487
158;0;net_327;net_2584;net_6403;net_7756;net_1603;net_2181;net_5915;net_7847
167;0;net_2178;net_3040;net_3880;net_4848;net_1328;net_5337;net_6777;net_7313
189;0;net_211;net_742;net_2960;net_3949;net_2;net_932;net_4677;net_7657
212;0;net_1950;net_2479;net_3048;net_6288;net_3310;net_4722;net_4842;net_8421
215;0;net_126;net_1973;net_3513;net_6947;net_2335;net_4333;net_5496;net_8217
250;0;net_885;net_3245;net_3737;net_4842;net_1007;net_5682;net_7097;net_7761
275;0;net_2360;net_2456;net_3292;net_8126;net_1383;net_7009;net_7302;net_7701
325;0;net_1195;net_1480;net_2858;net_4231;net_1841;net_5529;net_7382;net_7784
327;0;net_1455;net_2502;net_3550;net_4402;net_1433;net_4841;net_5516;net_6294
328;0;net_1120;net_3058;net_3982;net_6850;net_1694;net_5071;net_7543;net_7557
346;0;net_696;net_783;net_6426;net_8421;net_1809;net_3339;net_5097;net_6162
343;0;net_1089;net_1318;net_2909;net_6452;net_1133;net_4381;net_4551;net_5121
361;0;net_1314;net_2127;net_2624;net_8584;net_403;net_2703;net_8127;net_8643
370;0;net_1939;net_3428;net_3509;net_8313;net_130;net_3249;net_6602;net_7071
395;0;net_2072;net_2595;net_4528;net_6085;net_88;net_1223;net_2834;net_6924
421;0;net_215;net_958;net_2413;net_4114;net_122;net_5907;net_5940;net_6108
422;0;net_1362;net_2848;net_3438;net_4369;net_3789;net_5404;net_6485;net_7398
481;0;net_200;net_2507;net_3084;net_4544;net_286;net_1623;net_6497;net_7490
484;0;net_631;net_2617;net_2981;net_6848;net_8;net_6382;net_7033;net_7622
491;0;net_1232;net_1500;net_2856;net_4861;net_271;net_6361;net_6858;net_7062
497;0;net_1594;net_3937;net_7413;net_8091;net_1684;net_3791;net_4787;net_5519
498;0;net_1848;net_3633;net_3827;net_5944;net_326;net_512;net_4280;net_8428
565;0;net_275;net_2350;net_2658;net_8098;net_974;net_5681;net_7341;net_7886
591;0;net_3203;net_3422;net_3744;net_5992;net_2981;net_4273;net_6770;net_7825
635;0;net_220;net_3814;net_7141;net_7952;net_2067;net_3918;net_6209;net_7205
699;0;net_1861;net_3856;net_7059;net_8553;net_825;net_1914;net_6425;net_7290
684;0;net_617;net_931;net_1368;net_6736;net_482;net_4758;net_6043;net_7389
706;0;net_2370;net_3092;net_3964;net_8741;net_391;net_2144;net_5330;net_6426
728;0;net_843;net_2406;net_5016;net_8037;net_1609;net_4048;net_4663;net_5139
730;0;net_352;net_650;net_1135;net_2055;net_65;net_3130;net_4419;net_7885
742;0;net_348;net_3878;net_4083;net_8703;net_1529;net_3164;net_6126;net_8606
745;0;net_1989;net_2032;net_2965;net_6423;net_358;net_1854;net_4443;net_4853
801;0;net_1235;net_1660;net_4596;net_8483;net_263;net_1648;net_3829;net_4258
822;0;net_1884;net_3453;net_6872;net_6976;net_132;net_329;net_1956;net_3283
839;0;net_690;net_3545;net_3829;net_4148;net_3886;net_4491;net_5076;net_8161
847;0;net_313;net_663;net_1639;net_6286;net_3660;net_4534;net_4810;net_5366
858;0;net_1848;net_2384;net_4849;net_8280;net_540;net_3150;net_5814;net_8738
859;0;net_1234;net_2635;net_2745;net_5351;net_775;net_4535;net_6564;net_8477
867;0;net_682;net_1184;net_1357;net_5467;net_952;net_4831;net_6684;net_8276
896;0;net_2502;net_2519;net_3089;net_7550;net_2667;net_4645;net_7299;net_7326
988;0;net_2077;net_2280;net_3437;net_4252;net_96;net_101;net_3243;net_7725
924;0;net_537;net_1517;net_7122;net_8767;net_975;net_1244;net_5139;net_6688
963;0;net_982;net_2621;net_3118;net_4883;net_2088;net_4662;net_5897;net_6697
987;0;net_2089;net_2353;net_3660;net_8299;net_3329;net_5378;net_7153;net_7397
1004;0;net_774;net_890;net_1174;net_5408;net_3777;net_5835;net_6431;net_7644
1018;0;net_1450;net_3197;net_3706;net_5413;net_2006;net_4515;net_5434;net_8168
1026;0;net_501;net_856;net_1949;net_8312;net_102;net_1769;net_5859;net_6220
1318;0;net_18;net_1568;net_4877;net_6124;net_1274;net_2413;net_6007;net_8412
1074;0;net_614;net_2700;net_2709;net_6195;net_2233;net_5710;net_6866;net_8152
1078;0;net_118;net_1034;net_2414;net_3307;net_3462;net_5213;net_5345;net_6825
1083;0;net_528;net_579;net_1152;net_5892;net_1567;net_5889;net_6002;net_7223
1087;0;net_1313;net_2250;net_2497;net_8761;net_2419;net_4514;net_5834;net_6220
1117;0;net_504;net_3982;net_4088;net_5374;net_122;net_320;net_2237;net_6866
1136;0;net_774;net_803;net_1440;net_5955;net_440;net_6191;net_6983;net_8283
1189;0;net_415;net_1311;net_4014;net_4809;net_145;net_248;net_2001;net_5330
1211;0;net_664;net_2587;net_5966;net_7034;net_1472;net_2906;net_6948;net_8723
1220;0;net_600;net_872;net_2743;net_7869;net_1059;net_4488;net_5491;net_5570
1231;0;net_3041;net_3257;net_5129;net_7390;net_2343;net_3632;net_5165;net_5861
1271;0;net_3697;net_4063;net_7327;net_8185;net_175;net_4081;net_6250;net_7754
1294;0;net_443;net_624;net_3765;net_7747;net_2490;net_4127;net_5784;net_8004
1322;0;net_653;net_2231;net_3100;net_4498;net_2934;net_4668;net_8368;
1379;0;net_229;net_3424;net_3682;net_4113;net_3786;net_4163;net_6865;net_8411
1382;0;net_1171;net_1296;net_2508;net_4898;net_202;net_6353;net_7127;net_8499
1387;0;net_1368;net_4016;net_4495;net_7991;net_1156;net_2075;net_6293;net_8232
1451;0;net_254;net_1542;net_4042;net_4886;net_2279;net_5879;net_6512;net_6699
1463;0;net_335;net_2041;net_2601;net_8468;net_3621;net_3839;net_6898;net_7837
1473;0;net_1948;net_2034;net_3853;net_5192;net_4047;net_6181;net_7740;net_7848
1517;0;net_2020;net_2709;net_6722;net_7830;net_1127;net_2484;net_6107;net_8230
1625;0;net_380;net_706;net_1431;net_3466;net_2435;net_4878;net_8074;net_8283
1645;0;net_700;net_3780;net_6912;net_7937;net_442;net_1208;net_4214;net_6698
1678;0;net_510;net_628;net_3499;net_7547;net_413;net_783;net_4712;net_8289
1699;0;net_1401;net_2284;net_2317;net_8031;net_1;net_1033;net_6809;net_7587
1719;0;net_1698;net_2292;net_5815;net_6095;net_1281;net_2854;net_6538;net_7099
1728;0;net_1542;net_3694;net_4050;net_8176;net_2;net_1647;net_5967;net_8558
1740;0;net_309;net_3634;net_7833;net_8310;net_209;net_1769;net_3894;net_3958
