begin;pin_T_1_172;pin_T_1_172;pin_T_1_172;pin_T_1_172;pin_T_1_172;pin_T_1_172;pin_T_1_172;pin_T_1_172
324;pin_T_1_172;pin_T_86_270;pin_T_113_99;pin_T_154_157;pin_T_1_172;pin_B_33_172;pin_B_101_16;gnd_B_186_275
137;pin_T_35_183;pin_T_96_213;pin_T_126_69;vdd_T_155_159;pin_T_1_172;pin_B_33_172;pin_B_134_51;pin_B_171_257
115;pin_T_20_145;pin_T_108_211;pin_T_130_72;vdd_T_155_159;pin_T_1_172;pin_B_75_187;pin_B_142_58;pin_B_183_274
305;pin_T_14_129;pin_T_108_211;gnd_T_134_80;pin_T_167_113;pin_B_15_125;pin_B_65_236;pin_B_142_58;pin_B_169_275
647;pin_T_45_91;pin_T_108_211;pin_T_126_52;pin_T_167_113;gnd_B_21_121;pin_B_50_274;pin_B_127_24;vdd_B_168_273
289;pin_T_69_75;pin_T_99_210;pin_T_138_97;pin_T_186_129;pin_B_10_113;pin_B_50_274;pin_B_144_15;vdd_B_168_273
110;pin_T_69_75;pin_T_128_164;pin_T_132_52;pin_T_184_125;pin_B_33_169;gnd_B_51_277;pin_B_123_12;vdd_B_168_273
602;pin_T_69_75;pin_T_128_164;pin_T_134_66;pin_T_183_101;pin_B_25_178;pin_B_36_266;pin_B_117_12;gnd_B_169_270
775;pin_T_45_37;pin_T_130_138;gnd_T_134_80;pin_T_183_101;pin_B_51_177;pin_B_82_261;pin_B_117_12;vdd_B_169_268
3;pin_T_65_12;pin_T_130_138;pin_T_157_113;pin_T_180_105;pin_B_7_158;pin_B_46_265;pin_B_117_12;pin_B_164_280
533;pin_T_29_45;pin_T_118_128;pin_T_132_114;pin_T_153_101;pin_B_7_158;pin_B_7_243;pin_B_117_12;gnd_B_166_278
312;pin_T_53_85;pin_T_99_160;pin_T_103_158;pin_T_171_133;pin_B_7_158;pin_B_7_243;pin_B_117_12;gnd_B_166_278
641;vdd_T_57_84;pin_T_70_219;pin_T_87_158;pin_T_171_133;pin_B_17_166;pin_B_39_236;pin_B_117_12;pin_B_166_241
323;pin_T_48_96;pin_T_70_219;pin_T_82_158;pin_T_157_119;pin_B_17_172;gnd_B_39_231;pin_B_67_32;pin_B_166_241
212;gnd_T_50_98;pin_T_50_268;pin_T_102_209;pin_T_169_141;pin_B_17_172;vdd_B_41_231;pin_B_120_29;pin_B_166_241
73;pin_T_29_98;pin_T_50_268;pin_T_117_208;pin_T_169_141;pin_B_39_171;pin_B_79_226;pin_B_111_10;vdd_B_171_238
762;pin_T_27_146;pin_T_30_270;pin_T_99_216;pin_T_169_141;pin_B_39_171;pin_B_79_188;pin_B_134_45;vdd_B_171_238
197;pin_T_25_128;pin_T_25_239;pin_T_99_216;pin_T_186_129;pin_B_35_172;gnd_B_78_191;pin_B_138_81;vdd_B_171_238
194;pin_T_22_129;pin_T_64_256;pin_T_99_216;pin_T_186_129;pin_B_39_204;pin_B_95_177;pin_B_129_105;vdd_B_171_238
700;pin_T_22_129;pin_T_64_256;pin_T_99_216;pin_T_159_158;pin_B_17_165;vdd_B_96_182;pin_B_115_138;pin_B_156_241
524;pin_T_63_139;pin_T_64_256;pin_T_120_234;pin_T_151_163;pin_B_17_165;pin_B_67_184;pin_B_95_174;gnd_B_154_240
303;pin_T_63_139;pin_T_97_230;pin_T_105_208;pin_T_136_141;pin_B_17_165;gnd_B_90_182;pin_B_116_189;vdd_B_151_239
421;pin_T_38_107;pin_T_98_280;pin_T_102_162;pin_T_130_142;pin_B_47_171;gnd_B_90_182;pin_B_116_189;vdd_B_151_239
684;pin_T_38_66;pin_T_98_280;pin_T_103_158;pin_T_150_157;pin_B_49_171;gnd_B_90_182;pin_B_116_189;vdd_B_151_239
474;pin_T_11_100;pin_T_42_270;pin_T_103_158;pin_T_190_139;pin_B_11_206;pin_B_72_190;pin_B_116_189;pin_B_185_185
83;pin_T_23_86;pin_T_34_214;pin_T_118_146;pin_T_190_139;pin_B_11_206;vdd_B_74_191;pin_B_141_240;pin_B_179_130
362;pin_T_23_86;pin_T_39_160;pin_T_102_156;pin_T_190_139;pin_B_26_217;pin_B_69_184;pin_B_132_187;vdd_B_185_132
540;pin_T_53_93;pin_T_66_116;pin_T_97_126;pin_T_190_139;pin_B_26_217;pin_B_69_184;pin_B_132_187;pin_B_208_182
172;pin_T_53_93;pin_T_66_116;gnd_T_95_126;pin_T_165_158;pin_B_13_246;pin_B_39_164;pin_B_181_185;pin_B_189_189
280;pin_T_9_67;pin_T_42_81;gnd_T_95_126;pin_T_165_158;vdd_B_13_244;pin_B_55_171;pin_B_185_183;pin_B_189_189
785;pin_T_23_100;pin_T_29_75;gnd_T_95_126;pin_T_130_162;vdd_B_13_244;pin_B_55_171;pin_B_177_187;pin_B_189_189
759;pin_T_11_73;pin_T_36_21;pin_T_97_118;pin_T_171_119;vdd_B_13_244;gnd_B_53_186;pin_B_177_187;pin_B_189_189
648;pin_T_11_75;pin_T_49_37;pin_T_97_118;pin_T_135_99;vdd_B_13_244;pin_B_40_189;pin_B_167_145;pin_B_189_189
799;pin_T_9_39;pin_T_57_35;pin_T_99_158;pin_T_134_63;pin_B_23_233;vdd_B_42_189;pin_B_167_145;pin_B_189_189
518;pin_T_11_94;pin_T_70_67;pin_T_114_160;pin_T_145_12;vdd_B_25_233;pin_B_39_169;pin_B_167_145;pin_B_189_189
580;pin_T_11_94;pin_T_82_92;pin_T_91_156;pin_T_141_13;vdd_B_25_233;pin_B_35_118;gnd_B_171_139;pin_B_189_189
285;pin_T_21_100;pin_T_82_92;pin_T_127_131;pin_T_180_6;pin_B_19_216;pin_B_79_114;gnd_B_171_139;pin_B_189_189
44;pin_T_21_100;pin_T_126_99;pin_T_171_125;pin_T_180_6;pin_B_15_165;pin_B_68_56;pin_B_167_116;pin_B_202_143
456;pin_T_29_69;pin_T_111_134;pin_T_171_125;pin_T_180_6;pin_B_49_164;gnd_B_68_60;pin_B_145_84;pin_B_175_127
152;pin_T_25_100;pin_T_136_120;pin_T_171_125;pin_T_180_6;pin_B_57_177;pin_B_105_26;pin_B_136_50;pin_B_166_138
394;pin_T_65_97;pin_T_136_120;gnd_T_157_141;pin_T_175_11;pin_B_45_202;pin_B_118_36;pin_B_136_50;vdd_B_162_143
174;pin_T_45_39;pin_T_121_121;pin_T_161_161;pin_T_175_11;pin_B_91_208;pin_B_128_15;pin_B_136_50;gnd_B_162_137
26;pin_T_63_116;pin_T_130_56;pin_T_161_161;pin_T_165_15;pin_B_102_253;pin_B_146_10;pin_B_162_51;gnd_B_162_137
203;pin_T_23_158;vdd_T_130_43;pin_T_136_130;pin_T_165_15;pin_B_80_255;pin_B_95_53;pin_B_162_51;pin_B_176_140
718;pin_T_27_140;vdd_T_130_43;pin_T_138_157;pin_T_166_14;pin_B_32_273;pin_B_95_53;pin_B_168_50;pin_B_176_140
398;pin_T_38_91;vdd_T_130_43;pin_T_149_127;pin_T_166_14;pin_B_12_213;pin_B_44_46;pin_B_168_50;gnd_B_178_140
515;pin_T_94_94;pin_T_116_106;pin_T_165_117;pin_T_166_14;pin_B_8_235;pin_B_44_46;pin_B_148_79;pin_B_210_82
676;gnd_T_88_93;pin_T_121_133;pin_T_165_117;pin_T_166_14;pin_B_17_174;pin_B_29_92;pin_B_105_84;pin_B_210_82
675;gnd_T_88_93;pin_T_121_133;pin_T_165_117;pin_T_166_14;pin_B_5_175;pin_B_74_79;pin_B_77_69;pin_B_206_126
655;pin_T_36_131;pin_T_101_118;pin_T_111_132;pin_T_166_14;pin_B_43_168;pin_B_74_79;vdd_B_80_68;pin_B_194_88
54;pin_T_11_142;pin_T_84_160;pin_T_134_114;pin_T_166_14;pin_B_56_222;pin_B_74_79;vdd_B_80_68;pin_B_203_87
468;pin_T_9_90;pin_T_63_139;pin_T_134_114;pin_T_166_14;pin_B_44_233;gnd_B_75_81;pin_B_122_44;pin_B_206_59
695;pin_T_10_145;pin_T_70_93;pin_T_126_65;pin_T_166_14;pin_B_41_223;gnd_B_75_81;pin_B_91_47;pin_B_206_59
268;pin_T_15_132;pin_T_25_92;pin_T_126_65;pin_T_174_6;vdd_B_42_225;pin_B_43_48;pin_B_109_26;pin_B_206_59
585;pin_T_7_121;pin_T_27_144;pin_T_130_46;pin_T_174_6;pin_B_33_196;vdd_B_38_49;pin_B_104_27;pin_B_206_59
98;pin_T_7_75;pin_T_47_77;pin_T_82_92;pin_T_128_71;pin_B_80_252;pin_B_95_113;pin_B_104_27;pin_B_206_59
30;pin_T_11_140;pin_T_19_71;pin_T_111_136;pin_T_165_21;pin_B_80_252;pin_B_95_113;pin_B_139_24;pin_B_206_59
319;pin_T_15_130;pin_T_26_133;pin_T_88_160;pin_T_128_10;pin_B_80_252;vdd_B_93_114;pin_B_104_19;pin_B_206_59
239;pin_T_27_92;pin_T_39_158;pin_T_40_139;pin_T_134_59;gnd_B_75_252;vdd_B_93_114;pin_B_104_19;pin_B_206_59
743;pin_T_17_69;pin_T_25_140;pin_T_78_112;pin_T_134_59;vdd_B_72_255;pin_B_95_113;pin_B_104_19;pin_B_236_81
393;pin_T_12_38;pin_T_75_160;pin_T_86_162;pin_T_134_59;vdd_B_72_255;pin_B_139_141;pin_B_152_58;pin_B_231_81
104;gnd_T_10_35;pin_T_42_158;pin_T_86_162;pin_T_159_105;vdd_B_72_255;pin_B_132_183;pin_B_167_87;pin_B_207_75
740;gnd_T_10_35;pin_T_40_218;pin_T_136_143;pin_T_149_117;vdd_B_72_255;pin_B_88_187;pin_B_144_75;pin_B_204_55
215;pin_T_11_94;pin_T_29_253;pin_T_121_125;pin_T_171_135;vdd_B_72_255;pin_B_103_130;pin_B_144_50;pin_B_204_55
102;pin_T_11_94;pin_T_16_241;pin_T_81_104;pin_T_171_135;pin_B_58_216;gnd_B_93_127;pin_B_132_56;pin_B_150_50
409;pin_T_13_132;pin_T_38_218;pin_T_54_89;pin_T_171_135;pin_B_58_216;vdd_B_95_127;pin_B_106_71;pin_B_151_76
167;pin_T_13_132;pin_T_50_210;pin_T_54_89;pin_T_134_144;pin_B_66_238;pin_B_113_112;pin_B_138_49;pin_B_142_87
229;pin_T_13_132;pin_T_37_255;pin_T_54_89;pin_T_83_162;gnd_B_64_238;pin_B_121_115;pin_B_122_41;pin_B_142_85
489;pin_T_21_179;pin_T_37_255;pin_T_54_89;pin_T_83_162;pin_B_39_236;pin_B_101_176;pin_B_113_6;pin_B_179_128
438;pin_T_21_179;pin_T_46_272;gnd_T_59_95;pin_T_106_211;pin_B_17_198;pin_B_101_176;pin_B_130_46;pin_B_208_78
732;pin_T_11_130;pin_T_46_272;pin_T_52_40;pin_T_142_229;pin_B_5_165;pin_B_101_176;pin_B_109_10;pin_B_208_78
316;vdd_T_8_137;pin_T_29_251;pin_T_49_12;pin_T_103_243;pin_B_5_165;pin_B_89_200;pin_B_136_53;pin_B_208_78
756;pin_T_10_145;pin_T_27_257;pin_T_49_12;pin_T_103_243;pin_B_1_127;pin_B_93_206;pin_B_140_53;vdd_B_227_75
294;pin_T_10_145;pin_T_37_259;pin_T_41_14;pin_T_71_253;pin_B_1_127;pin_B_125_188;pin_B_170_86;gnd_B_232_75
97;gnd_T_5_137;pin_T_37_259;pin_T_41_14;pin_T_89_220;pin_B_4_70;pin_B_137_139;pin_B_142_55;vdd_B_227_75
209;gnd_T_5_137;pin_T_6_239;pin_T_42_36;pin_T_89_220;pin_B_4_70;pin_B_85_107;pin_B_140_6;pin_B_202_56
770;gnd_T_5_137;pin_T_6_239;pin_T_42_36;pin_T_122_236;pin_B_4_78;pin_B_27_76;pin_B_134_43;pin_B_202_56
658;gnd_T_5_137;pin_T_35_215;pin_T_42_36;pin_T_92_241;pin_B_4_78;pin_B_72_113;pin_B_75_35;pin_B_208_127
598;vdd_T_8_137;pin_T_35_215;pin_T_42_36;pin_T_126_280;pin_B_33_91;pin_B_43_104;pin_B_96_84;pin_B_150_154
734;pin_T_13_128;pin_T_35_215;pin_T_65_20;pin_T_126_280;gnd_B_38_91;pin_B_86_112;vdd_B_98_81;pin_B_180_144
798;pin_T_13_79;pin_T_29_235;pin_T_65_20;pin_T_96_273;pin_B_54_117;pin_B_86_112;vdd_B_98_81;pin_B_180_144
709;pin_T_13_79;pin_T_14_253;pin_T_65_20;pin_T_121_229;pin_B_12_68;pin_B_21_125;pin_B_129_132;pin_B_208_136
246;pin_T_7_92;pin_T_18_253;pin_T_65_20;pin_T_121_229;pin_B_1_93;pin_B_41_167;pin_B_139_141;vdd_B_204_137
458;pin_T_5_128;pin_T_30_272;pin_T_65_20;pin_T_121_229;pin_B_17_76;pin_B_90_191;pin_B_121_139;gnd_B_200_136
564;pin_T_27_142;pin_T_38_210;pin_T_118_45;pin_T_121_229;pin_B_17_76;pin_B_90_191;pin_B_121_139;pin_B_170_128
513;pin_T_27_142;pin_T_42_216;pin_T_79_97;pin_T_115_274;pin_B_17_76;pin_B_23_174;pin_B_131_182;vdd_B_169_126
635;gnd_T_33_137;pin_T_42_216;pin_T_79_97;pin_T_115_274;pin_B_47_110;pin_B_93_175;pin_B_184_194;pin_B_196_84
792;pin_T_10_129;pin_T_42_216;pin_T_47_35;pin_T_115_274;pin_B_7_157;pin_B_121_192;pin_B_142_141;gnd_B_201_105
163;pin_T_10_129;pin_T_42_216;pin_T_63_71;pin_T_115_274;pin_B_11_206;pin_B_176_192;pin_B_183_183;pin_B_207_130
582;pin_T_11_67;pin_T_15_146;pin_T_17_92;pin_T_115_274;pin_B_51_253;pin_B_176_192;gnd_B_178_164;vdd_B_201_127
264;pin_T_11_73;pin_T_25_156;pin_T_39_146;pin_T_136_278;pin_B_30_253;pin_B_176_192;gnd_B_178_164;vdd_B_201_127
460;pin_T_7_116;pin_T_21_128;pin_T_59_160;pin_T_90_278;pin_B_30_253;pin_B_127_142;vdd_B_201_127;pin_B_208_191
642;pin_T_7_130;pin_T_25_90;pin_T_36_145;pin_T_114_275;pin_B_40_278;pin_B_94_182;vdd_B_201_127;pin_B_208_191
231;pin_T_7_130;pin_T_23_41;pin_T_70_105;pin_T_74_280;gnd_B_43_279;pin_B_111_157;pin_B_151_111;pin_B_208_191
749;vdd_T_8_137;pin_T_17_36;pin_T_46_76;pin_T_74_280;pin_B_61_223;pin_B_111_157;pin_B_156_53;pin_B_178_194
314;vdd_T_8_137;pin_T_17_41;pin_T_37_13;pin_T_83_226;pin_B_59_256;pin_B_79_114;pin_B_156_53;pin_B_178_194
595;pin_T_2_173;pin_T_9_98;pin_T_37_13;pin_T_134_226;vdd_B_57_257;pin_B_65_175;pin_B_128_87;pin_B_178_194
706;pin_T_2_173;pin_T_5_71;pin_T_13_12;pin_T_95_238;pin_B_36_234;pin_B_41_167;gnd_B_136_106;pin_B_178_194
687;pin_T_2_173;gnd_T_5_67;pin_T_13_12;pin_T_95_242;pin_B_21_175;pin_B_63_172;pin_B_118_118;pin_B_181_133
283;pin_T_2_173;pin_T_25_39;pin_T_50_38;pin_T_67_240;pin_B_21_175;pin_B_51_174;vdd_B_115_118;pin_B_231_88
577;pin_T_13_132;pin_T_32_5;vdd_T_52_45;pin_T_67_240;pin_B_35_168;pin_B_82_226;pin_B_151_80;pin_B_231_88
490;pin_T_9_79;pin_T_37_12;pin_T_55_86;pin_T_103_218;pin_B_35_168;pin_B_98_247;pin_B_107_72;pin_B_231_88
525;pin_T_9_79;pin_T_37_12;pin_T_55_86;pin_T_129_226;pin_B_7_158;pin_B_111_285;pin_B_137_88;pin_B_196_88
459;pin_T_9_79;pin_T_37_12;pin_T_55_86;pin_T_129_208;pin_B_11_175;pin_B_90_236;pin_B_128_43;pin_B_187_139
563;pin_T_17_79;pin_T_37_12;pin_T_91_97;pin_T_111_277;pin_B_11_175;pin_B_96_218;pin_B_114_17;gnd_B_187_143
20;pin_T_31_35;pin_T_41_72;pin_T_95_120;pin_T_114_265;pin_B_7_176;pin_B_96_218;pin_B_132_54;gnd_B_187_143
507;pin_T_31_35;gnd_T_43_69;pin_T_69_160;pin_T_121_267;pin_B_25_162;pin_B_114_189;pin_B_132_54;pin_B_195_81
501;pin_T_31_35;vdd_T_47_70;pin_T_83_106;pin_T_121_267;pin_B_9_162;pin_B_84_238;pin_B_140_46;pin_B_182_57
406;vdd_T_47_70;pin_T_57_35;pin_T_91_94;pin_T_94_219;pin_B_9_162;pin_B_58_267;pin_B_120_46;pin_B_145_31
182;pin_T_7_79;pin_T_46_110;pin_T_117_156;pin_T_117_158;pin_B_7_178;pin_B_58_267;pin_B_120_46;pin_B_137_26
129;pin_T_7_116;pin_T_39_132;pin_T_117_158;pin_T_127_109;pin_B_9_199;pin_B_12_279;pin_B_120_46;pin_B_142_45
161;pin_T_38_129;pin_T_39_132;pin_T_84_156;pin_T_157_131;gnd_B_7_198;pin_B_12_279;pin_B_120_46;pin_B_137_88
359;pin_T_53_158;pin_T_62_95;pin_T_84_156;pin_T_167_113;pin_B_1_217;pin_B_17_245;pin_B_120_46;vdd_B_129_100
418;pin_T_39_130;pin_T_56_92;pin_T_68_104;pin_T_167_113;vdd_B_1_219;pin_B_40_240;pin_B_120_46;pin_B_149_113
748;pin_T_39_130;pin_T_68_68;pin_T_68_104;pin_T_127_133;vdd_B_1_219;pin_B_81_224;pin_B_118_15;pin_B_129_156
160;pin_T_19_90;pin_T_69_101;pin_T_122_78;pin_T_169_103;vdd_B_1_219;pin_B_55_172;pin_B_118_15;pin_B_124_134
702;pin_T_12_145;pin_T_19_73;pin_T_120_53;pin_T_169_103;vdd_B_1_219;pin_B_39_174;pin_B_118_38;pin_B_124_134
121;pin_T_12_145;pin_T_19_73;pin_T_89_12;pin_T_134_70;vdd_B_1_219;pin_B_44_183;pin_B_108_91;pin_B_111_155
419;pin_T_19_73;pin_T_63_119;pin_T_89_12;pin_T_95_124;pin_B_17_251;pin_B_59_174;gnd_B_98_99;pin_B_111_155
261;pin_T_19_73;pin_T_26_162;pin_T_89_12;pin_T_136_114;vdd_B_16_249;pin_B_75_205;pin_B_89_103;pin_B_118_145
669;pin_T_19_73;pin_T_74_182;pin_T_89_12;pin_T_136_114;pin_B_45_267;pin_B_47_173;pin_B_108_99;pin_B_131_84
464;pin_T_31_39;pin_T_33_183;pin_T_45_38;clock_T_101_122;pin_B_45_267;pin_B_97_197;pin_B_118_122;pin_B_131_84
7;pin_T_19_67;pin_T_23_243;pin_T_61_14;pin_T_118_106;gnd_B_50_265;pin_B_53_177;pin_B_118_122;pin_B_131_84
671;pin_T_17_86;pin_T_40_214;pin_T_61_14;pin_T_118_106;pin_B_11_244;pin_B_67_172;pin_B_115_194;pin_B_130_45
632;pin_T_9_100;pin_T_43_160;pin_T_61_14;pin_T_64_93;pin_B_13_183;pin_B_29_169;vdd_B_96_182;pin_B_130_45
248;vdd_T_14_115;pin_T_43_160;pin_T_61_14;pin_T_130_69;pin_B_23_165;pin_B_61_242;pin_B_87_175;pin_B_103_88
242;pin_T_43_160;pin_T_49_105;pin_T_81_14;pin_T_130_69;pin_B_37_178;pin_B_45_217;pin_B_71_173;gnd_B_97_79
59;pin_T_28_158;pin_T_53_84;pin_T_81_14;pin_T_144_13;pin_B_25_159;pin_B_39_177;vdd_B_43_216;gnd_B_97_79
181;pin_T_11_86;pin_T_12_143;pin_T_134_47;pin_T_173_13;pin_B_25_159;vdd_B_43_216;pin_B_73_174;pin_B_128_47
124;pin_T_7_94;pin_T_38_212;pin_T_153_101;pin_T_175_9;pin_B_25_159;pin_B_47_200;pin_B_94_182;pin_B_128_47
146;gnd_T_16_115;pin_T_52_162;pin_T_163_158;pin_T_175_9;pin_B_15_93;pin_B_16_202;vdd_B_94_184;pin_B_128_47
618;pin_T_18_183;pin_T_26_145;pin_T_118_209;pin_T_130_68;pin_B_27_104;pin_B_32_187;vdd_B_94_184;pin_B_128_47
688;pin_T_18_183;pin_T_61_162;pin_T_102_238;pin_T_127_17;pin_B_22_114;pin_B_32_187;vdd_B_94_184;pin_B_134_54
404;pin_T_18_183;pin_T_83_158;pin_T_105_263;pin_T_147_6;pin_B_22_114;pin_B_63_172;vdd_B_94_184;pin_B_144_15
28;pin_T_15_140;pin_T_75_158;pin_T_83_243;pin_T_165_11;pin_B_22_114;pin_B_37_172;pin_B_114_187;pin_B_144_15
74;pin_T_15_140;pin_T_45_162;pin_T_87_226;pin_T_168_8;gnd_B_24_111;pin_B_37_172;pin_B_141_142;pin_B_172_55
651;pin_T_13_142;pin_T_45_162;pin_T_66_251;pin_T_168_16;gnd_B_24_111;pin_B_40_189;pin_B_163_133;pin_B_168_86
711;pin_T_38_91;pin_T_45_162;pin_T_124_280;pin_T_144_23;pin_B_8_85;pin_B_71_221;pin_B_163_133;pin_B_197_79
238;pin_T_7_43;pin_T_45_162;pin_T_124_280;pin_T_144_23;pin_B_20_54;pin_B_76_258;pin_B_153_168;pin_B_203_85
502;pin_T_9_73;pin_T_36_131;pin_T_80_280;pin_T_81_13;vdd_B_22_56;pin_B_69_258;pin_B_153_168;pin_B_203_85
27;pin_T_29_132;pin_T_68_68;pin_T_122_228;pin_T_126_62;pin_B_21_125;pin_B_69_258;pin_B_153_168;pin_B_192_124
325;pin_T_44_156;pin_T_68_68;pin_T_117_239;pin_T_124_70;pin_B_63_127;pin_B_69_258;pin_B_124_187;pin_B_143_119
108;pin_T_35_128;vdd_T_69_69;pin_T_107_214;pin_T_130_66;pin_B_74_103;pin_B_98_224;pin_B_124_187;pin_B_143_119
415;pin_T_47_80;pin_T_49_13;pin_T_81_243;pin_T_132_62;pin_B_76_87;pin_B_98_224;pin_B_124_187;pin_B_164_137
543;pin_T_49_13;vdd_T_49_77;pin_T_65_255;pin_T_157_105;pin_B_38_36;pin_B_56_205;pin_B_124_187;pin_B_147_145
382;pin_T_6_44;pin_T_56_95;pin_T_81_263;pin_T_157_105;pin_B_8_30;pin_B_23_200;pin_B_75_174;pin_B_147_145
369;pin_T_17_14;pin_T_56_92;pin_T_59_272;pin_T_126_66;pin_B_8_30;pin_B_35_174;pin_B_75_174;vdd_B_147_147
638;pin_T_7_43;pin_T_46_89;pin_T_111_216;pin_T_134_51;pin_B_16_64;pin_B_35_174;pin_B_75_174;vdd_B_147_147
691;pin_T_7_43;pin_T_11_134;pin_T_108_213;pin_T_139_5;pin_B_13_121;pin_B_43_170;pin_B_73_116;vdd_B_147_147
724;pin_T_7_43;pin_T_58_160;pin_T_109_214;pin_T_139_5;pin_B_40_97;pin_B_57_174;pin_B_79_121;vdd_B_147_147
719;pin_T_51_39;pin_T_58_160;pin_T_109_214;pin_T_139_5;pin_B_8_101;pin_B_11_183;pin_B_50_72;vdd_B_147_147
385;pin_T_54_89;pin_T_58_160;pin_T_101_218;pin_T_147_12;pin_B_8_101;pin_B_9_176;pin_B_13_57;pin_B_141_143
348;pin_T_38_133;pin_T_41_162;pin_T_71_220;pin_T_147_12;pin_B_6_95;pin_B_9_176;pin_B_13_47;pin_B_129_88
650;pin_T_38_133;pin_T_39_211;pin_T_55_268;pin_T_122_72;pin_B_6_95;pin_B_9_176;pin_B_13_47;pin_B_152_142
96;pin_T_42_95;pin_T_102_236;pin_T_111_264;pin_T_176_107;pin_B_6_95;pin_B_9_176;pin_B_21_12;pin_B_143_80
707;pin_T_42_95;pin_T_96_219;pin_T_111_264;pin_T_178_125;vdd_B_4_95;pin_B_19_177;pin_B_66_37;pin_B_152_47
327;pin_T_42_95;pin_T_53_213;pin_T_127_235;pin_T_132_157;vdd_B_4_95;pin_B_19_177;pin_B_79_72;pin_B_132_42
511;pin_T_42_95;pin_T_46_184;pin_T_111_208;pin_T_119_162;vdd_B_4_95;pin_B_35_196;pin_B_69_106;pin_B_132_42
107;pin_T_37_132;pin_T_69_156;pin_T_105_263;pin_T_165_135;pin_B_7_40;pin_B_35_196;vdd_B_72_103;pin_B_132_42
535;pin_T_7_96;pin_T_27_132;pin_T_71_238;pin_T_169_119;pin_B_7_40;pin_B_35_196;vdd_B_72_103;pin_B_121_26
302;pin_T_7_96;pin_T_57_162;pin_T_95_214;pin_T_177_143;pin_B_7_40;gnd_B_32_194;pin_B_84_96;pin_B_124_45
297;pin_T_7_96;pin_T_57_162;pin_T_95_214;pin_T_167_113;pin_B_9_93;pin_B_45_177;pin_B_135_80;pin_B_160_48
336;pin_T_7_144;pin_T_27_136;pin_T_70_252;pin_T_171_119;pin_B_8_111;gnd_B_40_184;pin_B_135_80;pin_B_160_48
321;pin_T_8_131;pin_T_16_183;pin_T_31_249;pin_T_131_156;pin_B_8_111;gnd_B_40_184;pin_B_144_127;pin_B_160_48
435;pin_T_27_100;pin_T_29_140;pin_T_67_249;pin_T_88_160;pin_B_8_111;gnd_B_40_184;pin_B_154_113;pin_B_160_55
183;pin_T_11_98;pin_T_15_144;pin_T_74_280;pin_T_84_162;vdd_B_7_109;gnd_B_40_184;pin_B_154_113;pin_B_160_55
611;pin_T_5_94;pin_T_54_160;pin_T_74_280;pin_T_127_131;pin_B_8_58;pin_B_19_122;gnd_B_149_111;pin_B_160_55
751;pin_T_15_88;pin_T_50_216;pin_T_83_263;pin_T_127_131;vdd_B_5_59;pin_B_19_122;pin_B_104_91;pin_B_137_8
390;pin_T_37_67;pin_T_69_241;pin_T_78_243;pin_T_126_92;vdd_B_5_59;pin_B_19_122;pin_B_98_58;pin_B_138_52
713;pin_T_37_67;pin_T_69_256;pin_T_77_241;pin_T_161_139;vdd_B_5_59;pin_B_67_122;pin_B_104_71;pin_B_134_42
18;pin_T_7_43;pin_T_67_239;pin_T_69_256;pin_T_127_135;pin_B_55_38;pin_B_67_122;pin_B_83_47;pin_B_143_86
11;pin_T_13_12;pin_T_29_239;pin_T_121_274;pin_T_127_135;pin_B_55_38;vdd_B_68_118;gnd_B_81_47;pin_B_145_88
554;pin_T_7_71;pin_T_64_237;pin_T_96_279;pin_T_165_125;pin_B_48_58;vdd_B_68_118;gnd_B_81_47;pin_B_210_58
53;pin_T_56_36;pin_T_64_237;pin_T_121_277;pin_T_136_141;pin_B_48_58;pin_B_115_122;pin_B_132_43;pin_B_204_58
747;pin_T_29_7;pin_T_91_220;pin_T_121_277;pin_T_182_111;pin_B_29_89;pin_B_115_122;pin_B_135_80;pin_B_155_78
680;pin_T_36_21;pin_T_50_183;pin_T_111_268;pin_T_184_119;pin_B_11_92;pin_B_135_80;pin_B_139_124;pin_B_155_78
77;pin_T_36_21;pin_T_114_156;pin_T_120_236;pin_T_184_119;pin_B_34_65;pin_B_67_115;pin_B_140_54;pin_B_184_139
185;pin_T_36_21;pin_T_111_118;pin_T_127_230;pin_T_165_107;pin_B_34_65;gnd_B_69_120;pin_B_131_8;pin_B_202_143
477;pin_T_49_12;pin_T_101_99;pin_T_127_230;pin_T_134_140;pin_B_45_53;pin_B_59_171;pin_B_131_8;vdd_B_204_137
204;pin_T_49_12;pin_T_101_99;pin_T_111_266;pin_T_161_143;pin_B_30_49;pin_B_87_176;pin_B_144_46;vdd_B_204_137
506;pin_T_49_12;pin_T_66_76;pin_T_105_212;pin_T_180_139;pin_B_30_49;pin_B_129_182;pin_B_133_84;vdd_B_204_137
72;pin_T_49_12;pin_T_57_80;pin_T_102_238;pin_T_134_110;pin_B_30_49;pin_B_102_131;pin_B_153_146;pin_B_231_86
148;pin_T_44_74;pin_T_49_12;pin_T_102_238;pin_T_190_133;pin_B_40_57;pin_B_106_75;pin_B_149_219;vdd_B_227_75
291;pin_T_20_129;pin_T_69_72;pin_T_89_267;pin_T_171_139;gnd_B_40_55;pin_B_87_87;pin_B_149_219;vdd_B_227_75
596;pin_T_21_98;pin_T_23_79;pin_T_105_243;pin_T_178_133;gnd_B_40_55;pin_B_87_87;pin_B_149_219;vdd_B_227_75
426;pin_T_11_88;pin_T_35_128;pin_T_120_232;pin_T_178_133;gnd_B_40_55;pin_B_103_80;pin_B_153_276;vdd_B_227_75
371;pin_T_13_140;pin_T_41_160;pin_T_114_243;pin_T_157_143;gnd_B_40_55;pin_B_107_88;pin_B_142_270;vdd_B_227_75
723;pin_T_13_140;pin_T_46_158;pin_T_71_218;pin_T_132_138;gnd_B_40_55;pin_B_76_95;pin_B_96_243;vdd_B_227_75
402;pin_T_15_142;pin_T_35_130;pin_T_41_209;pin_T_188_131;gnd_B_40_55;pin_B_47_88;pin_B_96_243;vdd_B_227_75
331;pin_T_21_179;pin_T_35_130;pin_T_37_237;pin_T_167_109;pin_B_8_53;pin_B_62_38;pin_B_84_189;vdd_B_227_75
757;pin_T_21_179;pin_T_37_156;pin_T_37_237;pin_T_130_56;pin_B_21_15;pin_B_60_58;pin_B_104_247;pin_B_184_50
741;pin_T_57_207;pin_T_84_156;pin_T_99_218;pin_T_122_52;gnd_B_22_17;pin_B_94_82;pin_B_104_247;pin_B_184_50
467;pin_T_29_259;pin_T_90_156;pin_T_99_218;pin_T_122_67;pin_B_22_46;pin_B_39_76;pin_B_104_247;pin_B_146_56
720;pin_T_29_259;pin_T_82_162;pin_T_91_182;pin_T_118_67;pin_B_3_46;pin_B_39_76;pin_B_67_230;pin_B_162_45
455;pin_T_84_243;pin_T_91_182;pin_T_99_156;pin_T_132_70;gnd_B_1_46;vdd_B_41_75;pin_B_45_200;pin_B_162_45
111;pin_T_92_230;pin_T_99_156;pin_T_106_209;pin_T_120_106;pin_B_3_36;gnd_B_39_79;pin_B_50_247;pin_B_162_45
697;pin_T_92_230;pin_T_103_118;pin_T_106_207;pin_T_176_117;vdd_B_4_34;pin_B_22_114;pin_B_50_247;pin_B_113_31
351;pin_T_64_252;pin_T_91_92;pin_T_136_243;pin_T_163_103;vdd_B_4_34;pin_B_20_114;pin_B_97_238;pin_B_113_31
485;pin_T_20_271;gnd_T_88_93;pin_T_121_269;pin_T_136_133;vdd_B_4_34;pin_B_20_114;pin_B_82_252;pin_B_113_31
529;pin_T_20_271;pin_T_104_99;pin_T_114_211;pin_T_118_160;vdd_B_4_34;gnd_B_24_111;pin_B_84_267;pin_B_113_31
292;pin_T_20_271;pin_T_103_160;pin_T_136_268;pin_T_167_131;pin_B_1_38;pin_B_7_156;pin_B_84_267;pin_B_133_31
589;pin_T_16_245;pin_T_87_160;pin_T_136_268;pin_T_169_133;pin_B_1_38;pin_B_19_177;gnd_B_88_272;pin_B_118_53
527;pin_T_8_251;pin_T_56_208;pin_T_108_263;pin_T_169_133;pin_B_1_38;pin_B_47_166;gnd_B_88_272;pin_B_118_53
584;pin_T_33_257;pin_T_68_219;pin_T_127_239;pin_T_129_109;pin_B_22_14;pin_B_47_166;gnd_B_88_272;pin_B_118_53
186;pin_T_16_253;pin_T_98_213;pin_T_115_278;pin_T_123_92;pin_B_14_69;pin_B_47_166;pin_B_101_285;pin_B_118_53
483;pin_T_18_272;pin_T_67_254;pin_T_75_263;pin_T_123_92;pin_B_14_69;pin_B_47_166;pin_B_101_285;pin_B_107_86
667;pin_T_23_259;pin_T_71_268;clock_T_76_207;pin_T_128_61;pin_B_14_69;pin_B_47_166;pin_B_101_285;pin_B_107_86
227;pin_T_23_259;vdd_T_63_268;clock_T_76_207;pin_T_130_76;pin_B_19_17;pin_B_27_175;pin_B_47_262;pin_B_113_145
531;pin_T_34_270;vdd_T_63_268;clock_T_76_207;pin_T_149_10;pin_B_40_46;pin_B_58_200;pin_B_67_228;pin_B_86_190
36;pin_T_34_270;pin_T_71_278;pin_T_101_210;pin_T_148_11;vdd_B_38_49;pin_B_61_174;pin_B_67_228;pin_B_132_185
492;pin_T_12_245;pin_T_18_247;pin_T_101_210;pin_T_154_5;vdd_B_38_49;pin_B_61_174;pin_B_67_228;pin_B_148_167
640;pin_T_6_251;pin_T_18_247;pin_T_96_239;pin_T_154_5;pin_B_3_63;pin_B_91_208;pin_B_105_247;vdd_B_138_166
330;pin_T_8_251;pin_T_18_247;pin_T_71_277;pin_T_167_17;pin_B_23_44;gnd_B_93_208;pin_B_105_247;pin_B_130_183
221;pin_T_16_259;pin_T_18_247;pin_T_114_269;pin_T_167_17;gnd_B_23_42;pin_B_69_258;pin_B_69_274;pin_B_168_142
717;pin_T_16_259;pin_T_18_247;pin_T_142_233;pin_T_167_17;pin_B_22_88;pin_B_45_262;pin_B_114_285;gnd_B_171_139
682;pin_T_18_247;pin_T_71_265;pin_T_127_236;pin_T_171_11;vdd_B_25_87;pin_B_51_178;pin_B_114_285;pin_B_206_56
728;pin_T_33_247;pin_T_101_263;pin_T_107_220;pin_T_128_59;vdd_B_25_87;pin_B_51_178;pin_B_114_285;pin_B_208_56
387;pin_T_4_237;pin_T_77_280;pin_T_107_220;pin_T_120_75;pin_B_44_35;pin_B_90_122;vdd_B_115_269;pin_B_208_56
644;pin_T_4_237;pin_T_77_280;pin_T_92_230;pin_T_163_121;pin_B_66_35;vdd_B_90_120;pin_B_112_247;pin_B_154_51
332;pin_T_4_237;pin_T_50_216;pin_T_102_209;pin_T_164_164;pin_B_66_35;pin_B_103_92;pin_B_142_270;pin_B_218_76
753;pin_T_4_237;pin_T_50_216;pin_T_102_209;pin_T_182_141;pin_B_104_17;pin_B_141_82;pin_B_169_254;gnd_B_232_75
106;pin_T_4_241;pin_T_50_216;pin_T_127_236;pin_T_165_117;pin_B_104_17;pin_B_158_75;vdd_B_176_254;pin_B_188_59
270;pin_T_16_249;pin_T_50_216;pin_T_112_211;pin_T_140_164;pin_B_103_6;vdd_B_166_75;pin_B_169_256;pin_B_188_59
590;pin_T_25_255;pin_T_29_259;pin_T_87_158;pin_T_132_220;pin_B_58_30;vdd_B_166_75;pin_B_169_256;pin_B_188_59
373;pin_T_16_239;pin_T_28_269;pin_T_49_207;pin_T_114_271;pin_B_58_30;pin_B_127_24;pin_B_146_251;pin_B_188_59
457;pin_T_12_259;pin_T_16_239;pin_T_40_129;pin_T_70_250;pin_B_58_30;pin_B_110_75;pin_B_187_185;pin_B_201_83
24;pin_T_12_259;pin_T_46_184;pin_T_68_95;pin_T_70_250;pin_B_64_38;pin_B_107_86;pin_B_191_189;pin_B_201_83
254;pin_T_12_259;pin_T_46_184;pin_T_68_95;pin_T_112_207;pin_B_81_70;pin_B_174_110;pin_B_194_186;pin_B_213_79
666;pin_T_35_259;pin_T_46_184;pin_T_99_118;pin_T_112_207;vdd_B_80_68;pin_B_160_159;pin_B_181_181;pin_B_184_51
550;pin_T_36_269;pin_T_55_156;pin_T_74_160;pin_T_142_239;pin_B_95_50;pin_B_160_159;gnd_B_178_164;pin_B_184_51
258;pin_T_23_253;pin_T_44_104;pin_T_118_140;pin_T_131_243;pin_B_95_50;pin_B_160_159;pin_B_204_139;pin_B_216_78
345;pin_T_23_253;pin_T_130_80;pin_T_134_60;pin_T_136_271;pin_B_95_50;pin_B_118_185;pin_B_199_81;pin_B_203_85
673;pin_T_23_253;pin_T_121_121;pin_T_135_9;pin_T_208_241;pin_B_95_50;pin_B_118_185;pin_B_199_81;pin_B_200_88
308;pin_T_23_253;pin_T_106_160;pin_T_141_9;pin_T_208_241;pin_B_72_58;pin_B_116_152;pin_B_130_43;pin_B_182_58
304;pin_T_91_267;pin_T_95_122;pin_T_116_92;pin_T_208_241;pin_B_76_62;vdd_B_118_147;pin_B_139_86;pin_B_182_58
694;pin_T_107_226;pin_T_138_97;pin_T_169_115;pin_T_208_241;pin_B_92_106;vdd_B_118_147;pin_B_139_86;pin_B_182_58
737;pin_T_101_210;pin_T_126_63;pin_T_134_110;pin_T_208_241;pin_B_92_106;vdd_B_118_147;pin_B_152_57;pin_B_162_46
272;pin_T_111_272;pin_T_120_53;pin_T_127_119;pin_T_208_241;pin_B_85_49;pin_B_148_169;pin_B_162_46;pin_B_198_117
255;pin_T_111_272;pin_T_135_23;pin_T_178_109;pin_T_208_241;pin_B_12_75;gnd_B_138_164;pin_B_145_88;vdd_B_197_119
51;pin_T_31_249;pin_T_128_67;pin_T_178_109;pin_T_208_241;vdd_B_13_77;pin_B_96_184;pin_B_123_133;pin_B_156_189
480;pin_T_71_255;pin_T_120_73;pin_T_167_115;pin_T_208_241;vdd_B_13_77;pin_B_37_171;pin_B_76_95;pin_B_156_189
774;pin_T_130_243;pin_T_132_112;pin_T_136_118;pin_T_208_241;vdd_B_13_77;pin_B_37_171;pin_B_56_70;pin_B_152_250
784;pin_T_102_243;pin_T_118_112;pin_T_126_65;pin_T_208_241;gnd_B_12_73;pin_B_37_171;pin_B_74_88;pin_B_175_193
337;pin_T_39_211;pin_T_130_79;pin_T_165_9;pin_T_202_240;gnd_B_12_73;pin_B_30_205;pin_B_74_88;pin_B_193_141
544;pin_T_4_257;pin_T_120_106;pin_T_151_8;pin_T_202_240;pin_B_13_139;pin_B_30_205;pin_B_74_88;pin_B_193_141
579;pin_T_18_272;pin_T_120_106;pin_T_151_8;pin_T_202_240;pin_B_35_170;pin_B_55_169;pin_B_139_120;pin_B_209_77
142;pin_T_18_272;vdd_T_130_98;pin_T_151_8;pin_T_220_242;pin_B_13_177;pin_B_29_168;pin_B_74_70;pin_B_138_46
777;pin_T_90_274;pin_T_130_77;pin_T_176_6;pin_T_220_242;pin_B_19_251;pin_B_29_168;pin_B_74_70;pin_B_138_46
131;pin_T_33_259;pin_T_49_105;pin_T_118_65;pin_T_220_242;pin_B_1_243;pin_B_63_176;pin_B_76_57;pin_B_138_46
149;pin_T_20_187;pin_T_63_74;pin_T_118_65;pin_T_220_242;pin_B_13_176;pin_B_47_172;pin_B_80_103;pin_B_144_46
436;pin_T_25_140;pin_T_27_92;pin_T_118_65;pin_T_220_242;pin_B_9_169;pin_B_15_173;pin_B_58_50;pin_B_174_110
366;pin_T_21_146;pin_T_24_158;pin_T_118_65;pin_T_142_234;pin_B_9_166;pin_B_15_173;pin_B_126_50;pin_B_218_76
188;pin_T_15_134;pin_T_22_121;pin_T_52_83;pin_T_113_160;pin_B_9_166;gnd_B_16_183;pin_B_150_75;pin_B_218_76
767;vdd_T_8_137;pin_T_69_156;pin_T_135_94;pin_T_182_125;pin_B_9_166;pin_B_59_252;pin_B_154_75;pin_B_218_76
141;pin_T_27_144;pin_T_31_156;pin_T_132_142;pin_T_134_132;pin_B_9_166;pin_B_79_217;pin_B_154_75;gnd_B_232_75
472;pin_T_26_143;pin_T_31_156;pin_T_185_143;pin_T_193_101;pin_B_9_165;pin_B_79_217;pin_B_150_59;clock_B_236_75
551;pin_T_63_121;pin_T_69_220;pin_T_113_133;pin_T_148_157;pin_B_30_97;pin_B_85_176;pin_B_150_59;clock_B_236_75
352;pin_T_17_96;pin_T_33_257;pin_T_113_139;pin_T_159_121;pin_B_60_88;pin_B_85_176;pin_B_150_59;clock_B_236_75
136;pin_T_29_128;pin_T_95_240;pin_T_113_139;pin_T_128_73;pin_B_60_88;pin_B_71_172;pin_B_193_83;pin_B_204_82
789;pin_T_58_160;pin_T_92_238;pin_T_118_128;pin_T_126_70;pin_B_109_70;pin_B_109_192;pin_B_193_83;pin_B_204_82
745;pin_T_12_131;pin_T_70_162;pin_T_118_72;pin_T_186_109;pin_B_109_70;pin_B_156_238;pin_B_193_83;pin_B_204_82
286;pin_T_19_86;pin_T_51_106;pin_T_118_47;pin_T_136_118;pin_B_56_36;pin_B_156_238;pin_B_178_57;pin_B_204_82
228;pin_T_13_77;pin_T_51_106;pin_T_118_47;pin_T_136_118;pin_B_1_31;pin_B_147_182;pin_B_152_48;pin_B_166_54
360;pin_T_27_79;pin_T_118_78;pin_T_122_70;pin_T_150_157;pin_B_1_31;pin_B_147_182;pin_B_152_48;pin_B_182_56
782;pin_T_27_71;pin_T_53_85;pin_T_136_120;pin_T_159_143;pin_B_8_58;pin_B_147_182;pin_B_152_48;pin_B_180_50
547;pin_T_27_71;pin_T_39_130;pin_T_144_162;pin_T_198_104;pin_B_12_50;gnd_B_151_181;pin_B_152_48;pin_B_172_50
49;pin_T_27_71;pin_T_119_109;pin_T_167_141;pin_T_198_128;pin_B_45_110;pin_B_66_203;pin_B_144_47;pin_B_172_50
503;pin_T_27_71;pin_T_114_106;pin_T_180_111;pin_T_190_107;pin_B_21_91;pin_B_66_203;pin_B_105_6;pin_B_147_80
568;pin_T_27_71;pin_T_122_68;pin_T_127_125;pin_T_171_139;pin_B_35_104;pin_B_71_206;pin_B_105_6;pin_B_192_122
614;pin_T_27_90;pin_T_120_45;pin_T_122_73;pin_T_180_105;pin_B_35_104;pin_B_87_175;pin_B_105_6;pin_B_197_181
523;pin_T_35_144;pin_T_71_75;pin_T_118_44;pin_T_130_80;pin_B_12_50;pin_B_76_214;pin_B_105_6;pin_B_197_181
2;pin_T_29_94;pin_T_41_138;pin_T_150_7;pin_T_169_131;pin_B_13_101;pin_B_31_176;pin_B_105_6;pin_B_197_181
374;pin_T_25_130;pin_T_72_162;pin_T_133_5;pin_T_169_131;pin_B_8_74;pin_B_31_176;pin_B_150_59;pin_B_185_189
600;pin_T_61_92;pin_T_104_211;pin_T_130_57;pin_T_169_131;pin_B_8_74;pin_B_12_202;pin_B_122_50;pin_B_140_219
731;pin_T_42_99;pin_T_104_211;vdd_T_130_43;pin_T_134_128;pin_B_15_134;pin_B_46_256;pin_B_122_50;pin_B_123_188
705;vdd_T_44_101;pin_T_104_211;pin_T_132_54;pin_T_176_107;pin_B_15_134;pin_B_76_255;pin_B_122_50;pin_B_125_140
232;pin_T_43_88;pin_T_120_158;pin_T_130_74;pin_T_131_109;pin_B_15_134;pin_B_92_252;pin_B_107_68;pin_B_125_140
443;pin_T_43_88;pin_T_116_156;pin_T_130_74;pin_T_186_107;pin_B_13_164;pin_B_107_279;pin_B_146_87;pin_B_147_115
463;pin_T_65_20;gnd_T_121_156;pin_T_147_18;pin_T_169_135;pin_B_15_137;pin_B_107_279;pin_B_146_87;pin_B_176_152
5;pin_T_32_7;pin_T_145_158;pin_T_148_11;pin_T_176_117;pin_B_9_162;pin_B_115_285;pin_B_146_87;pin_B_176_152
677;pin_T_89_12;pin_T_89_158;pin_T_126_55;pin_T_176_117;pin_B_41_176;pin_B_115_285;pin_B_124_49;vdd_B_175_154
150;pin_T_89_12;pin_T_106_207;vdd_T_126_43;pin_T_176_117;pin_B_22_112;pin_B_95_273;pin_B_170_121;pin_B_197_183
211;pin_T_61_14;pin_T_74_162;pin_T_113_92;pin_T_153_163;pin_B_74_58;pin_B_95_273;pin_B_135_80;pin_B_197_183
205;pin_T_61_14;pin_T_74_162;pin_T_118_51;pin_T_177_143;pin_B_87_66;vdd_B_95_277;pin_B_137_8;pin_B_182_182
290;pin_T_29_94;pin_T_29_121;pin_T_32_5;pin_T_177_143;pin_B_4_70;pin_B_94_247;pin_B_137_8;vdd_B_178_166
665;pin_T_27_7;pin_T_27_88;pin_T_39_39;pin_T_136_135;pin_B_4_70;gnd_B_91_248;pin_B_137_8;pin_B_139_114
420;pin_T_27_7;pin_T_63_139;pin_T_120_53;pin_T_188_109;vdd_B_1_67;pin_B_123_186;pin_B_137_8;pin_B_178_168
617;pin_T_17_86;pin_T_115_156;pin_T_120_53;pin_T_184_123;vdd_B_1_67;pin_B_84_263;pin_B_133_82;pin_B_162_242
627;pin_T_13_144;pin_T_60_158;pin_T_120_53;pin_T_151_143;pin_B_37_127;pin_B_38_226;pin_B_133_82;pin_B_163_259
441;pin_T_13_144;clock_T_76_207;pin_T_120_53;pin_T_182_103;pin_B_5_174;pin_B_13_273;pin_B_87_103;gnd_B_168_258
755;pin_T_13_144;pin_T_37_241;pin_T_150_5;pin_T_171_133;pin_B_4_209;pin_B_13_273;pin_B_76_106;pin_B_177_256
726;pin_T_5_96;pin_T_27_239;pin_T_126_10;pin_T_171_133;vdd_B_5_211;pin_B_57_265;pin_B_78_112;pin_B_177_256
16;pin_T_17_81;pin_T_48_216;pin_T_137_7;pin_T_171_133;vdd_B_5_211;pin_B_17_270;gnd_B_75_111;pin_B_188_184
440;pin_T_17_81;pin_T_31_237;pin_T_93_13;pin_T_171_133;pin_B_15_270;pin_B_30_205;pin_B_59_169;pin_B_118_189
714;pin_T_27_132;pin_T_92_238;pin_T_126_69;pin_T_171_133;pin_B_8_265;pin_B_28_184;vdd_B_63_183;pin_B_118_189
560;pin_T_27_132;pin_T_111_265;pin_T_130_70;pin_T_184_107;pin_B_8_265;pin_B_26_222;pin_B_63_172;vdd_B_63_183
101;pin_T_27_75;pin_T_42_268;pin_T_124_78;pin_T_185_101;pin_B_8_265;pin_B_26_222;pin_B_57_169;pin_B_122_215
9;pin_T_28_141;pin_T_86_270;pin_T_118_112;pin_T_134_59;gnd_B_5_275;pin_B_32_233;pin_B_57_169;pin_B_122_215
401;pin_T_29_69;pin_T_89_269;pin_T_144_157;pin_T_168_16;gnd_B_5_275;pin_B_32_233;pin_B_74_189;pin_B_122_215
61;pin_T_38_143;pin_T_101_280;pin_T_103_216;pin_T_128_63;gnd_B_5_275;pin_B_7_178;vdd_B_74_191;pin_B_122_215
604;pin_T_45_156;pin_T_101_280;pin_T_102_241;pin_T_128_63;gnd_B_5_275;pin_B_41_203;pin_B_103_257;pin_B_124_191
437;pin_T_14_133;pin_T_101_280;pin_T_111_216;pin_T_190_105;gnd_B_5_275;pin_B_9_175;pin_B_172_267;pin_B_175_191
537;pin_T_14_133;pin_T_91_277;pin_T_129_208;pin_T_136_147;pin_B_21_279;pin_B_35_175;pin_B_106_279;pin_B_175_191
771;pin_T_67_72;pin_T_71_274;pin_T_96_241;pin_T_116_207;pin_B_21_279;pin_B_59_190;pin_B_67_236;pin_B_175_191
253;pin_T_7_77;pin_T_91_265;pin_T_98_217;pin_T_116_265;pin_B_21_279;pin_B_59_190;pin_B_67_236;pin_B_126_189
71;pin_T_7_43;pin_T_71_276;pin_T_127_242;pin_T_132_209;pin_B_21_279;pin_B_44_113;pin_B_61_172;pin_B_67_236
587;pin_T_7_43;pin_T_47_219;pin_T_52_208;pin_T_143_161;pin_B_21_279;pin_B_103_72;pin_B_128_152;pin_B_155_275
552;pin_T_7_43;pin_T_29_219;pin_T_40_143;pin_T_106_162;pin_B_78_239;pin_B_103_72;pin_B_148_148;gnd_B_157_275
43;pin_T_7_43;pin_T_14_257;pin_T_46_160;pin_T_132_140;pin_B_72_265;pin_B_136_56;pin_B_148_148;pin_B_169_262
434;pin_T_81_12;pin_T_96_270;pin_T_102_240;pin_T_132_140;pin_B_8_208;pin_B_134_47;pin_B_135_84;pin_B_169_262
765;pin_T_81_12;pin_T_89_267;pin_T_127_242;pin_T_132_214;pin_B_27_178;pin_B_135_84;pin_B_142_49;pin_B_153_256
318;pin_T_36_69;pin_T_81_226;pin_T_99_212;pin_T_125_263;pin_B_71_184;pin_B_106_79;pin_B_142_49;pin_B_153_256
663;pin_T_17_35;pin_T_25_243;pin_T_99_160;pin_T_125_263;pin_B_21_165;pin_B_106_79;pin_B_144_85;vdd_B_150_260
696;pin_T_22_42;pin_T_25_243;pin_T_99_160;pin_T_113_214;pin_B_23_168;pin_B_39_52;pin_B_118_54;pin_B_145_259
672;pin_T_22_42;pin_T_35_235;pin_T_77_239;pin_T_99_160;pin_B_31_113;pin_B_84_37;pin_B_102_126;vdd_B_143_258
67;pin_T_44_74;pin_T_44_208;pin_T_53_209;pin_T_149_123;pin_B_31_113;pin_B_84_37;pin_B_101_175;pin_B_160_268
562;pin_T_9_77;pin_T_23_156;pin_T_70_252;pin_T_118_79;pin_B_13_166;pin_B_84_37;pin_B_101_175;pin_B_160_249
220;pin_T_5_75;pin_T_25_142;pin_T_44_269;pin_T_118_79;pin_B_39_177;vdd_B_85_31;pin_B_101_175;pin_B_148_273
522;pin_T_11_94;pin_T_27_96;pin_T_77_240;pin_T_134_51;pin_B_16_222;gnd_B_86_33;pin_B_101_175;pin_B_148_273
125;pin_T_11_94;pin_T_40_143;pin_T_42_270;pin_T_144_9;pin_B_29_235;pin_B_95_53;pin_B_137_133;pin_B_148_273
403;pin_T_15_73;pin_T_68_95;pin_T_81_243;pin_T_125_9;pin_B_47_164;pin_B_67_30;pin_B_137_133;pin_B_148_273
615;pin_T_13_88;pin_T_29_67;pin_T_81_243;pin_T_125_9;pin_B_30_107;pin_B_70_35;pin_B_128_189;pin_B_178_247
378;pin_T_39_128;pin_T_53_81;pin_T_61_271;pin_T_125_9;gnd_B_27_108;pin_B_70_35;pin_B_93_176;pin_B_211_194
276;pin_T_39_128;vdd_T_57_84;pin_T_69_251;pin_T_126_64;pin_B_9_199;pin_B_16_70;pin_B_63_170;pin_B_211_194
566;pin_T_39_128;pin_T_113_135;pin_T_117_234;pin_T_134_128;pin_B_3_188;pin_B_6_113;pin_B_35_242;pin_B_211_194
370;pin_T_32_116;pin_T_113_135;pin_T_131_219;pin_T_198_120;pin_B_27_173;pin_B_56_111;pin_B_87_211;pin_B_211_194
795;pin_T_13_144;pin_T_150_162;pin_T_151_163;pin_T_153_143;pin_B_15_190;vdd_B_54_111;pin_B_87_211;pin_B_211_194
471;pin_T_17_94;pin_T_155_161;pin_T_160_157;pin_T_184_121;pin_B_15_190;vdd_B_54_111;pin_B_77_267;pin_B_188_188
482;pin_T_44_116;pin_T_105_118;pin_T_130_132;pin_T_136_124;pin_B_21_163;pin_B_56_70;pin_B_77_267;pin_B_188_188
796;pin_T_33_128;pin_T_48_81;pin_T_113_145;pin_T_136_145;pin_B_9_138;pin_B_56_70;pin_B_77_267;pin_B_188_188
746;pin_T_9_75;pin_T_38_66;pin_T_86_162;pin_T_111_144;pin_B_9_138;pin_B_102_105;pin_B_112_253;pin_B_188_188
68;pin_T_17_71;pin_T_29_14;pin_T_42_156;pin_T_111_144;pin_B_53_172;pin_B_135_130;pin_B_148_273;pin_B_188_188
15;pin_T_37_12;pin_T_44_79;pin_T_73_162;pin_T_124_70;pin_B_70_242;pin_B_135_130;pin_B_169_239;pin_B_188_188
157;pin_T_37_12;gnd_T_44_82;pin_T_92_230;pin_T_169_139;pin_B_52_239;pin_B_95_64;pin_B_103_289;pin_B_188_188
80;pin_T_37_14;gnd_T_44_82;pin_T_80_226;pin_T_169_139;pin_B_52_239;pin_B_110_91;pin_B_112_285;pin_B_120_185
162;pin_T_31_37;pin_T_63_139;pin_T_117_226;pin_T_127_228;pin_B_52_239;pin_B_111_105;pin_B_112_285;pin_B_120_185
328;pin_T_17_12;pin_T_20_189;pin_T_37_253;pin_T_91_160;pin_B_21_171;pin_B_111_105;pin_B_112_285;pin_B_189_143
256;pin_T_17_12;pin_T_20_189;pin_T_80_243;pin_T_127_119;pin_B_22_114;pin_B_85_64;pin_B_151_244;pin_B_202_88
383;pin_T_11_41;pin_T_20_189;pin_T_67_234;pin_T_118_51;pin_B_37_168;pin_B_89_61;pin_B_151_244;pin_B_214_58
493;pin_T_11_41;pin_T_20_189;pin_T_67_234;pin_T_126_49;pin_B_40_198;pin_B_132_83;pin_B_156_278;pin_B_214_76
118;pin_T_19_86;pin_T_41_116;pin_T_67_234;vdd_T_126_43;pin_B_24_125;pin_B_132_83;pin_B_169_254;pin_B_217_77
180;pin_T_52_95;pin_T_62_90;pin_T_106_215;pin_T_122_78;pin_B_23_166;pin_B_114_17;pin_B_169_254;pin_B_217_77
395;pin_T_24_133;pin_T_126_99;pin_T_136_277;pin_T_144_17;pin_B_101_174;pin_B_114_17;pin_B_135_294;pin_B_217_77
758;pin_T_5_159;pin_T_126_99;pin_T_136_277;pin_T_144_17;pin_B_56_222;pin_B_105_94;pin_B_158_256;pin_B_229_88
88;pin_T_5_159;pin_T_66_114;pin_T_92_230;pin_T_174_6;pin_B_32_253;pin_B_55_81;pin_B_158_256;pin_B_168_51
144;pin_T_16_235;pin_T_54_158;pin_T_89_265;pin_T_174_6;pin_B_30_237;pin_B_94_79;vdd_B_161_259;pin_B_168_51
155;pin_T_4_241;pin_T_23_96;pin_T_106_211;pin_T_174_6;pin_B_30_237;pin_B_111_10;vdd_B_161_259;pin_B_205_83
725;pin_T_10_257;pin_T_72_69;pin_T_90_156;pin_T_174_6;pin_B_30_237;pin_B_111_10;pin_B_151_276;pin_B_205_83
311;pin_T_40_218;pin_T_130_49;pin_T_136_135;pin_T_140_6;pin_B_21_189;pin_B_111_10;pin_B_151_276;pin_B_205_83
689;pin_T_31_217;pin_T_127_13;pin_T_163_131;pin_T_175_23;pin_B_21_189;pin_B_65_69;pin_B_72_279;pin_B_205_83
143;pin_T_23_253;pin_T_124_43;pin_T_163_131;pin_T_175_23;pin_B_13_167;pin_B_24_121;pin_B_24_277;vdd_B_200_103
411;pin_T_23_253;pin_T_126_51;pin_T_126_80;pin_T_134_59;pin_B_24_121;pin_B_31_198;pin_B_38_257;pin_B_176_152
599;pin_T_23_253;pin_T_128_77;pin_T_141_11;pin_T_184_103;pin_B_13_159;pin_B_31_198;vdd_B_38_259;pin_B_118_144
583;pin_T_71_274;pin_T_116_122;pin_T_118_65;pin_T_149_135;pin_B_13_159;pin_B_31_198;pin_B_94_252;pin_B_111_103
243;pin_T_71_274;pin_T_132_151;pin_T_135_97;pin_T_188_121;pin_B_40_196;pin_B_51_182;pin_B_94_252;pin_B_146_58
612;pin_T_87_243;pin_T_161_103;pin_T_167_113;pin_T_167_143;pin_B_40_196;pin_B_51_182;pin_B_94_252;pin_B_130_52
772;pin_T_8_241;pin_T_113_147;pin_T_126_70;pin_T_134_136;pin_B_40_196;pin_B_82_122;gnd_B_92_250;pin_B_130_52
171;pin_T_8_241;pin_T_118_132;pin_T_126_70;vdd_T_131_159;pin_B_37_172;pin_B_66_189;pin_B_101_255;pin_B_130_52
202;pin_T_8_241;pin_T_82_92;pin_T_121_121;pin_T_165_121;pin_B_16_204;pin_B_19_177;pin_B_38_274;pin_B_130_52
189;pin_T_8_241;pin_T_126_68;pin_T_136_162;pin_T_167_161;pin_B_19_177;pin_B_19_251;pin_B_22_262;pin_B_60_74
207;pin_T_20_269;pin_T_51_116;pin_T_83_226;pin_T_167_161;pin_B_19_251;pin_B_56_188;pin_B_58_247;pin_B_61_116
307;pin_T_20_269;pin_T_40_158;pin_T_83_226;pin_T_167_161;pin_B_11_285;pin_B_58_247;pin_B_85_178;pin_B_86_114
581;pin_T_20_269;pin_T_40_212;pin_T_41_207;pin_T_176_109;gnd_B_14_285;pin_B_31_244;pin_B_33_183;pin_B_86_114
591;pin_T_25_251;pin_T_38_216;pin_T_41_207;pin_T_188_121;gnd_B_14_285;pin_B_80_191;pin_B_84_236;pin_B_125_130
623;pin_T_10_245;pin_T_52_183;pin_T_68_158;pin_T_188_121;gnd_B_14_285;pin_B_45_173;pin_B_144_247;pin_B_169_156
87;pin_T_12_237;pin_T_46_156;pin_T_76_213;pin_T_188_121;gnd_B_14_285;pin_B_44_183;pin_B_111_194;pin_B_205_124
609;pin_T_25_237;pin_T_26_139;pin_T_121_271;pin_T_193_143;pin_B_37_270;pin_B_44_183;pin_B_111_194;pin_B_208_57
251;pin_T_80_280;pin_T_101_158;pin_T_121_270;pin_T_193_143;pin_B_5_234;pin_B_44_183;pin_B_114_191;pin_B_201_75
306;pin_T_3_277;pin_T_106_213;pin_T_110_207;pin_T_164_164;pin_B_5_234;pin_B_8_121;pin_B_114_191;pin_B_138_59
39;pin_T_30_218;pin_T_88_162;pin_T_107_210;pin_T_111_112;pin_B_5_234;pin_B_8_121;pin_B_98_210;pin_B_117_6
567;pin_T_102_239;pin_T_109_208;pin_T_116_273;pin_T_130_61;pin_B_5_234;pin_B_12_127;pin_B_98_210;pin_B_117_6
313;pin_T_102_236;pin_T_114_269;pin_T_127_236;pin_T_128_151;vdd_B_5_236;pin_B_12_127;pin_B_114_152;pin_B_117_6
495;pin_T_20_271;pin_T_77_230;pin_T_114_269;pin_T_163_129;gnd_B_7_232;pin_B_12_127;pin_B_120_56;pin_B_129_10
405;pin_T_31_255;pin_T_92_227;pin_T_96_278;pin_T_167_119;gnd_B_7_232;pin_B_23_90;pin_B_55_64;pin_B_129_10
739;pin_T_8_255;pin_T_86_272;pin_T_92_227;pin_T_132_151;gnd_B_7_232;pin_B_12_90;pin_B_14_74;pin_B_106_29
626;pin_T_8_255;pin_T_86_272;pin_T_137_243;pin_T_171_163;gnd_B_7_232;pin_B_29_40;pin_B_62_38;pin_B_103_94
48;pin_T_36_271;pin_T_50_214;pin_T_92_241;pin_T_117_160;pin_B_12_227;pin_B_29_40;pin_B_62_38;pin_B_147_82
685;pin_T_10_235;pin_T_33_215;pin_T_92_241;pin_T_111_118;pin_B_5_162;gnd_B_32_42;pin_B_85_76;pin_B_147_82
177;pin_T_10_235;pin_T_91_226;pin_T_108_207;pin_T_130_110;pin_B_5_162;pin_B_96_70;pin_B_114_19;pin_B_198_88
478;pin_T_24_269;pin_T_69_236;pin_T_108_207;pin_T_134_64;pin_B_5_162;pin_B_128_44;pin_B_158_52;pin_B_162_59
357;pin_T_24_269;pin_T_69_236;pin_T_127_240;pin_T_133_5;vdd_B_4_186;pin_B_121_8;pin_B_141_121;pin_B_176_83
607;pin_T_31_239;pin_T_70_252;pin_T_114_160;pin_T_171_101;vdd_B_4_186;pin_B_121_8;pin_B_194_82;pin_B_229_88
45;pin_T_31_239;pin_T_96_241;pin_T_107_120;pin_T_188_119;pin_B_7_171;pin_B_121_8;pin_B_167_83;pin_B_227_80
310;pin_T_35_251;pin_T_96_241;pin_T_107_120;pin_T_171_137;pin_B_21_166;pin_B_146_18;pin_B_162_48;pin_B_207_77
521;pin_T_35_217;pin_T_43_219;pin_T_159_119;pin_T_198_108;pin_B_55_176;pin_B_105_74;pin_B_146_18;pin_B_207_77
392;pin_T_36_214;pin_T_43_219;pin_T_159_158;pin_T_198_108;pin_B_89_213;pin_B_154_45;pin_B_170_59;pin_B_177_114
244;pin_T_43_219;pin_T_53_162;pin_T_159_158;pin_T_188_125;pin_B_58_238;pin_B_122_54;pin_B_138_29;pin_B_163_145
343;pin_T_10_241;pin_T_23_86;pin_T_159_158;pin_T_197_143;gnd_B_56_239;pin_B_79_70;pin_B_154_46;pin_B_163_145
6;pin_T_23_160;pin_T_37_41;pin_T_82_160;pin_T_180_109;pin_B_9_260;pin_B_79_70;pin_B_134_83;pin_B_163_145
262;pin_T_26_143;pin_T_27_79;pin_T_37_156;pin_T_113_125;pin_B_22_264;pin_B_66_56;pin_B_134_83;pin_B_163_145
510;pin_T_12_145;pin_T_27_79;pin_T_37_156;pin_T_113_125;pin_B_78_255;pin_B_118_57;pin_B_126_132;pin_B_173_128
70;pin_T_38_103;pin_T_39_101;pin_T_45_213;pin_T_100_160;pin_B_78_255;pin_B_104_129;pin_B_107_72;pin_B_173_128
504;pin_T_38_103;pin_T_45_95;pin_T_97_234;pin_T_111_118;pin_B_78_255;pin_B_134_56;pin_B_135_12;pin_B_229_88
114;pin_T_11_86;pin_T_29_86;pin_T_102_280;pin_T_115_149;pin_B_82_263;pin_B_135_12;pin_B_138_85;pin_B_229_88
681;pin_T_3_174;pin_T_63_95;pin_T_85_263;pin_T_165_135;pin_B_84_273;pin_B_103_84;pin_B_135_12;pin_B_229_88
727;pin_T_16_237;pin_T_54_42;pin_T_86_278;pin_T_167_127;pin_B_84_273;pin_B_103_84;pin_B_135_12;pin_B_202_59
363;pin_T_31_239;pin_T_45_39;pin_T_98_280;pin_T_104_158;gnd_B_88_272;pin_B_103_84;pin_B_135_12;pin_B_202_59
754;pin_T_53_162;pin_T_62_72;pin_T_71_268;pin_T_103_156;pin_B_55_233;pin_B_130_181;pin_B_135_12;pin_B_202_59
140;pin_T_41_132;pin_T_50_95;pin_T_78_280;pin_T_97_160;pin_B_47_217;pin_B_126_191;pin_B_135_12;pin_B_202_59
629;pin_T_60_77;pin_T_63_114;pin_T_69_239;pin_T_95_228;pin_B_45_170;pin_B_126_191;pin_B_135_12;pin_B_168_53
145;pin_T_33_146;pin_T_40_102;pin_T_58_160;pin_T_77_232;pin_B_53_95;pin_B_126_191;pin_B_135_12;pin_B_184_124
760;pin_T_15_134;pin_T_23_96;pin_T_24_133;pin_T_77_232;pin_B_60_65;pin_B_126_191;pin_B_135_12;pin_B_208_82
773;pin_T_41_158;pin_T_85_156;pin_T_100_158;pin_T_111_270;gnd_B_62_66;pin_B_126_191;pin_B_135_12;pin_B_208_82
23;pin_T_12_143;pin_T_86_156;pin_T_111_208;pin_T_111_270;pin_B_52_37;pin_B_65_279;pin_B_135_12;gnd_B_201_105
422;pin_T_51_119;pin_T_56_87;pin_T_111_265;pin_T_117_236;pin_B_43_97;pin_B_65_279;pin_B_142_55;gnd_B_201_105
797;pin_T_19_81;pin_T_22_119;pin_T_129_243;pin_T_144_162;pin_B_6_103;pin_B_50_279;pin_B_142_55;gnd_B_201_105
619;pin_T_37_142;pin_T_61_160;pin_T_105_263;pin_T_161_161;pin_B_8_121;pin_B_50_279;pin_B_142_55;pin_B_148_167
601;pin_T_23_128;pin_T_40_214;pin_T_111_274;pin_T_178_125;pin_B_15_169;pin_B_50_279;pin_B_142_55;pin_B_150_251
240;pin_T_27_90;pin_T_40_214;pin_T_111_274;pin_T_198_126;pin_B_3_198;vdd_B_47_277;pin_B_156_45;pin_B_168_278
678;pin_T_27_90;pin_T_68_162;pin_T_111_274;pin_T_198_126;pin_B_9_174;pin_B_33_183;pin_B_149_82;pin_B_180_188
465;pin_T_39_101;pin_T_56_95;pin_T_111_274;pin_T_198_126;pin_B_17_165;pin_B_110_152;pin_B_188_59;pin_B_189_191
334;pin_T_11_67;pin_T_118_51;pin_T_118_209;pin_T_198_126;pin_B_17_165;pin_B_98_123;pin_B_124_57;pin_B_128_187
32;pin_T_25_100;pin_T_118_51;pin_T_118_209;pin_T_149_141;pin_B_36_92;pin_B_75_83;pin_B_141_123;pin_B_156_154
532;pin_T_23_162;pin_T_97_12;pin_T_118_209;pin_T_132_130;pin_B_54_71;pin_B_103_76;pin_B_143_31;pin_B_156_154
281;pin_T_41_219;pin_T_45_39;pin_T_80_263;pin_T_169_123;pin_B_44_31;pin_B_75_46;pin_B_143_31;pin_B_156_154
683;pin_T_15_134;vdd_T_38_45;pin_T_91_279;pin_T_169_123;pin_B_92_32;pin_B_107_92;pin_B_126_45;pin_B_156_154
368;pin_T_9_71;pin_T_15_134;pin_T_67_252;pin_T_158_23;pin_B_33_107;pin_B_102_101;pin_B_110_75;pin_B_156_154
38;pin_T_13_14;pin_T_15_134;pin_T_67_252;pin_T_126_53;pin_B_11_169;pin_B_18_127;pin_B_70_52;pin_B_182_194
400;pin_T_13_14;pin_T_42_218;pin_T_45_213;pin_T_77_12;pin_B_11_169;pin_B_17_99;gnd_B_70_45;pin_B_186_252
63;pin_T_17_37;pin_T_69_218;pin_T_107_214;pin_T_141_17;pin_B_11_169;pin_B_17_99;pin_B_54_46;pin_B_103_273
249;pin_T_17_37;pin_T_20_271;pin_T_134_215;pin_T_141_17;pin_B_15_159;pin_B_37_89;vdd_B_51_49;pin_B_141_290
10;pin_T_17_86;pin_T_20_271;pin_T_134_215;pin_T_162_23;pin_B_12_127;pin_B_15_38;pin_B_30_97;pin_B_95_265
657;pin_T_68_68;pin_T_96_275;pin_T_111_272;pin_T_179_7;pin_B_12_127;pin_B_15_38;pin_B_102_75;pin_B_178_192
487;pin_T_26_133;pin_T_27_255;pin_T_121_278;pin_T_165_13;pin_B_7_165;pin_B_15_38;pin_B_132_53;pin_B_178_192
296;pin_T_26_133;pin_T_92_231;pin_T_124_263;pin_T_165_13;pin_B_27_228;pin_B_84_74;pin_B_183_133;pin_B_217_189
559;pin_T_5_51;pin_T_115_162;pin_T_124_263;pin_T_160_5;pin_B_9_178;pin_B_13_115;pin_B_183_133;pin_B_195_181
8;pin_T_77_13;pin_T_101_263;pin_T_122_230;pin_T_160_5;pin_B_9_178;pin_B_24_56;pin_B_133_182;pin_B_172_242
399;pin_T_51_114;pin_T_71_238;pin_T_171_135;pin_T_186_105;pin_B_9_178;vdd_B_22_56;pin_B_133_182;pin_B_211_188
37;pin_T_15_94;pin_T_45_219;pin_T_161_123;pin_T_165_109;pin_B_9_178;vdd_B_22_56;pin_B_149_146;pin_B_210_193
633;pin_T_29_45;pin_T_94_217;pin_T_161_123;pin_T_178_113;pin_B_35_178;pin_B_46_121;pin_B_149_80;pin_B_210_193
597;pin_T_21_88;pin_T_52_162;pin_T_167_111;pin_T_176_131;pin_B_23_172;pin_B_46_121;pin_B_149_80;pin_B_212_186
219;pin_T_28_162;pin_T_99_158;pin_T_122_55;pin_T_149_133;pin_B_23_172;pin_B_106_165;pin_B_212_56;pin_B_212_186
634;pin_T_27_77;pin_T_123_149;pin_T_130_110;pin_T_163_113;pin_B_59_231;pin_B_82_234;pin_B_212_56;pin_B_212_186
230;pin_T_9_92;pin_T_118_134;pin_T_159_131;pin_T_180_115;pin_B_70_266;pin_B_149_271;pin_B_212_56;pin_B_212_186
154;pin_T_7_71;pin_T_118_134;pin_T_165_107;pin_T_171_129;pin_B_28_209;pin_B_79_250;pin_B_134_53;pin_B_212_186
674;pin_T_31_160;pin_T_119_158;pin_T_123_7;pin_T_132_213;pin_B_28_209;pin_B_79_250;pin_B_110_29;pin_B_212_186
208;pin_T_37_247;pin_T_132_213;pin_T_165_7;pin_T_166_157;pin_B_16_202;pin_B_71_184;pin_B_110_29;pin_B_124_189
593;pin_T_8_255;pin_T_49_207;pin_T_183_17;pin_T_186_141;pin_B_16_202;vdd_B_71_182;pin_B_110_29;pin_B_143_277
234;pin_T_41_156;pin_T_58_208;pin_T_130_69;pin_T_135_226;pin_B_16_202;pin_B_21_108;pin_B_28_57;pin_B_143_277
396;pin_T_43_160;pin_T_58_208;pin_T_81_14;pin_T_114_267;pin_B_13_165;pin_B_21_108;gnd_B_29_59;pin_B_158_267
498;pin_T_12_247;pin_T_41_121;pin_T_65_14;pin_T_67_212;pin_B_21_108;pin_B_29_178;pin_B_142_54;pin_B_158_267
710;pin_T_25_253;pin_T_38_145;pin_T_61_13;pin_T_136_275;pin_B_21_108;pin_B_52_239;pin_B_82_58;pin_B_158_267
708;pin_T_49_211;pin_T_54_72;pin_T_130_56;pin_T_136_275;pin_B_21_108;vdd_B_53_237;pin_B_130_46;pin_B_152_260
486;pin_T_49_211;pin_T_57_13;pin_T_68_68;pin_T_200_240;gnd_B_24_109;vdd_B_53_237;pin_B_141_26;pin_B_176_186
99;pin_T_111_263;pin_T_123_19;pin_T_167_101;pin_T_200_240;pin_B_64_98;pin_B_71_237;pin_B_140_48;pin_B_176_186
65;pin_T_25_253;pin_T_122_80;pin_T_165_21;pin_T_200_240;gnd_B_63_100;pin_B_103_263;pin_B_124_59;pin_B_176_186
81;pin_T_27_235;pin_T_124_6;pin_T_146_9;pin_T_200_240;pin_B_76_79;pin_B_103_263;pin_B_141_121;pin_B_196_143
57;pin_T_27_235;pin_T_122_63;pin_T_130_63;pin_T_200_240;pin_B_51_172;pin_B_79_177;pin_B_85_175;pin_B_123_124
278;pin_T_37_239;pin_T_122_63;pin_T_152_5;pin_T_200_240;pin_B_113_157;pin_B_126_183;pin_B_131_219;pin_B_170_141
372;pin_T_26_272;pin_T_40_135;pin_T_126_92;pin_T_200_240;pin_B_7_174;pin_B_38_191;pin_B_65_173;pin_B_170_141
128;pin_T_22_270;pin_T_27_136;pin_T_132_52;pin_T_200_240;pin_B_17_93;pin_B_24_273;pin_B_65_173;pin_B_200_138
793;pin_T_65_255;pin_T_67_160;pin_T_129_149;pin_T_200_240;gnd_B_15_91;pin_B_24_273;pin_B_148_118;pin_B_194_145
698;pin_T_26_270;pin_T_91_92;pin_T_157_127;pin_T_210_241;gnd_B_15_91;pin_B_24_273;pin_B_123_133;pin_B_134_55
295;pin_T_126_263;pin_T_132_157;pin_T_170_8;pin_T_186_129;pin_B_3_63;pin_B_24_273;vdd_B_123_135;pin_B_134_55
216;pin_T_55_270;pin_T_122_230;pin_T_170_8;pin_T_186_129;gnd_B_9_70;pin_B_84_267;pin_B_124_183;pin_B_208_55
347;pin_T_32_216;pin_T_113_139;pin_T_122_69;pin_T_126_48;pin_B_23_159;pin_B_84_267;pin_B_130_152;pin_B_208_55
653;pin_T_32_216;pin_T_113_117;pin_T_130_44;pin_T_183_17;pin_B_23_159;gnd_B_88_272;pin_B_143_82;pin_B_158_75
451;pin_T_29_160;pin_T_126_61;pin_T_134_64;pin_T_151_12;pin_B_23_159;pin_B_30_249;pin_B_137_88;pin_B_158_75
159;pin_T_29_160;pin_T_116_110;pin_T_122_63;pin_T_162_9;pin_B_25_162;pin_B_30_249;pin_B_64_71;pin_B_104_11
670;pin_T_41_68;pin_T_68_156;pin_T_69_14;pin_T_77_12;pin_B_25_162;gnd_B_32_250;pin_B_64_71;pin_B_104_11
245;pin_T_23_96;pin_T_108_213;pin_T_120_49;pin_T_183_5;pin_B_23_167;gnd_B_32_250;pin_B_76_62;pin_B_104_11
381;pin_T_13_130;pin_T_81_226;pin_T_120_49;pin_T_183_5;pin_B_35_175;pin_B_40_233;pin_B_94_82;pin_B_138_49
446;pin_T_37_211;pin_T_59_270;pin_T_61_13;pin_T_137_23;pin_B_5_213;pin_B_35_175;vdd_B_92_83;pin_B_138_49
236;pin_T_96_231;pin_T_96_278;pin_T_134_47;pin_T_146_15;pin_B_9_215;pin_B_35_175;vdd_B_92_83;pin_B_138_49
386;pin_T_16_255;pin_T_96_231;pin_T_132_78;pin_T_149_119;pin_B_5_121;pin_B_9_215;pin_B_20_68;pin_B_105_12
637;pin_T_74_263;pin_T_84_226;pin_T_150_15;pin_T_167_125;pin_B_5_121;pin_B_9_215;pin_B_51_56;pin_B_118_54
116;pin_T_96_271;pin_T_117_236;pin_T_137_7;pin_T_190_137;pin_B_5_121;pin_B_23_172;pin_B_51_56;pin_B_150_81
433;pin_T_96_271;pin_T_130_162;pin_T_137_7;pin_T_165_125;pin_B_33_166;pin_B_34_85;pin_B_40_46;pin_B_70_49
646;pin_T_24_156;pin_T_105_208;pin_T_122_52;pin_T_159_125;pin_B_33_166;pin_B_46_36;pin_B_60_88;pin_B_70_49
64;pin_T_51_114;pin_T_105_208;pin_T_133_11;pin_T_159_125;pin_B_64_265;pin_B_65_74;pin_B_80_45;pin_B_107_31
410;pin_T_24_129;pin_T_30_158;pin_T_133_11;pin_T_159_125;pin_B_71_173;pin_B_127_26;pin_B_156_111;pin_B_212_59
109;pin_T_9_73;pin_T_60_160;pin_T_133_11;pin_T_159_125;pin_B_92_182;pin_B_162_52;pin_B_198_55;pin_B_200_56
625;pin_T_8_42;pin_T_37_259;pin_T_59_87;pin_T_142_238;pin_B_15_118;pin_B_118_45;pin_B_198_55;pin_B_200_56
147;pin_T_17_14;pin_T_27_259;pin_T_39_132;pin_T_142_238;vdd_B_11_118;pin_B_103_94;pin_B_198_55;pin_B_200_84
704;pin_T_17_14;pin_T_27_259;pin_T_60_93;pin_T_154_242;pin_B_22_206;pin_B_118_38;pin_B_136_55;pin_B_163_145
273;pin_T_27_79;pin_T_40_271;pin_T_85_108;pin_T_154_242;pin_B_12_286;pin_B_118_38;pin_B_137_88;pin_B_178_188
712;pin_T_11_75;pin_T_40_271;pin_T_122_67;pin_T_140_226;pin_B_12_286;pin_B_56_111;pin_B_170_55;pin_B_184_278
539;pin_T_91_158;pin_T_116_277;pin_T_128_14;pin_T_165_163;gnd_B_14_285;pin_B_56_111;pin_B_170_55;pin_B_187_185
534;pin_T_102_242;pin_T_111_273;pin_T_113_94;pin_T_130_56;gnd_B_14_285;pin_B_56_111;pin_B_170_55;pin_B_170_163
427;pin_T_23_247;pin_T_71_266;pin_T_144_162;pin_T_157_113;pin_B_26_262;vdd_B_54_111;pin_B_170_55;pin_B_170_163
168;pin_T_29_255;pin_T_69_251;pin_T_111_128;pin_T_130_64;pin_B_26_262;vdd_B_54_111;pin_B_142_48;pin_B_171_257
517;pin_T_3_277;pin_T_125_280;pin_T_127_238;pin_T_130_64;pin_B_17_266;gnd_B_52_111;pin_B_142_48;pin_B_160_249
397;pin_T_3_277;pin_T_61_158;pin_T_102_219;pin_T_130_64;pin_B_40_247;pin_B_41_245;pin_B_53_95;pin_B_63_169
132;pin_T_37_247;pin_T_52_92;pin_T_102_219;pin_T_130_64;pin_B_11_244;pin_B_22_262;pin_B_98_30;pin_B_134_152
76;pin_T_33_243;pin_T_41_72;pin_T_46_272;pin_T_140_6;pin_B_11_244;pin_B_22_262;pin_B_74_96;pin_B_137_88
225;pin_T_110_243;pin_T_126_46;pin_T_135_263;pin_T_147_8;pin_B_22_262;pin_B_47_223;pin_B_65_172;pin_B_137_88
165;pin_T_12_235;pin_T_31_43;pin_T_86_272;pin_T_178_109;pin_B_22_262;pin_B_47_223;pin_B_132_185;pin_B_187_124
151;pin_T_12_235;pin_T_19_67;pin_T_162_241;pin_T_175_143;pin_B_94_234;pin_B_101_291;pin_B_113_168;pin_B_187_124
752;pin_T_18_187;pin_T_39_156;pin_T_83_162;pin_T_162_241;pin_B_6_196;pin_B_113_168;pin_B_177_252;pin_B_183_133
377;pin_T_29_219;pin_T_52_95;pin_T_106_215;pin_T_162_241;pin_B_6_196;pin_B_86_190;pin_B_156_278;pin_B_190_58
542;pin_T_25_144;pin_T_26_139;pin_T_37_247;pin_T_188_242;pin_B_26_226;pin_B_43_173;pin_B_156_278;pin_B_190_58
191;pin_T_12_129;pin_T_35_245;pin_T_127_240;pin_T_137_243;pin_B_17_251;pin_B_43_173;pin_B_156_278;pin_B_180_116
40;pin_T_10_114;pin_T_70_219;pin_T_127_240;pin_T_137_243;pin_B_27_228;pin_B_44_187;pin_B_50_226;pin_B_126_59
299;pin_T_90_160;pin_T_111_212;pin_T_118_156;pin_T_125_280;pin_B_27_228;pin_B_43_277;pin_B_44_187;pin_B_127_10
787;pin_T_27_144;pin_T_82_226;pin_T_116_106;pin_T_127_242;pin_B_11_168;pin_B_22_222;pin_B_43_277;pin_B_127_10
628;pin_T_23_243;pin_T_40_271;pin_T_41_142;pin_T_96_235;pin_B_8_182;pin_B_43_277;pin_B_59_169;pin_B_127_10
364;pin_T_18_241;pin_T_31_247;pin_T_39_144;pin_T_59_156;pin_B_2_272;pin_B_8_182;pin_B_59_169;pin_B_195_81
237;pin_T_3_172;pin_T_33_249;pin_T_45_40;pin_T_58_158;pin_B_2_272;pin_B_9_160;pin_B_59_169;pin_B_144_47
217;pin_T_18_270;pin_T_28_139;pin_T_63_74;pin_T_125_119;pin_B_2_272;pin_B_9_160;pin_B_54_223;pin_B_154_51
138;pin_T_12_251;pin_T_39_128;pin_T_45_35;pin_T_128_61;pin_B_2_272;pin_B_74_242;pin_B_125_184;pin_B_154_51
82;pin_T_51_209;pin_T_54_82;pin_T_61_13;pin_T_131_11;pin_B_2_272;pin_B_74_242;pin_B_125_184;pin_B_197_104
620;pin_T_27_239;pin_T_37_41;pin_T_82_111;pin_T_132_78;pin_B_2_272;pin_B_74_242;pin_B_111_88;pin_B_136_129
750;pin_T_27_239;pin_T_37_41;pin_T_116_114;pin_T_132_78;pin_B_7_175;pin_B_24_183;pin_B_89_189;pin_B_107_247
794;pin_T_27_239;pin_T_51_114;pin_T_66_86;pin_T_132_78;pin_B_3_245;pin_B_55_127;pin_B_80_255;pin_B_85_279
14;pin_T_27_239;pin_T_35_43;pin_T_74_106;pin_T_134_44;pin_B_19_175;pin_B_25_76;pin_B_80_255;pin_B_166_274
545;pin_T_6_253;pin_T_13_13;pin_T_50_78;pin_T_134_44;pin_B_13_240;gnd_B_29_72;pin_B_80_255;pin_B_177_274
444;pin_T_6_253;pin_T_13_13;pin_T_26_135;pin_T_157_131;vdd_B_13_244;pin_B_122_111;pin_B_160_268;pin_B_183_268
122;pin_T_16_235;pin_T_23_67;pin_T_26_135;pin_T_149_113;vdd_B_13_244;pin_B_76_59;pin_B_166_254;pin_B_188_264
733;pin_T_12_253;pin_T_19_121;pin_T_44_119;pin_T_146_5;vdd_B_13_244;pin_B_34_101;pin_B_166_254;pin_B_183_264
233;pin_T_47_217;pin_T_47_219;pin_T_57_162;pin_T_146_5;vdd_B_13_244;pin_B_38_30;pin_B_169_256;pin_B_186_192
133;pin_T_46_268;pin_T_74_210;pin_T_123_109;pin_T_146_5;pin_B_21_189;pin_B_38_30;pin_B_145_259;pin_B_169_87
766;pin_T_7_146;pin_T_12_251;pin_T_123_109;pin_T_124_8;pin_B_21_189;pin_B_35_96;pin_B_88_233;pin_B_139_8
218;pin_T_1_179;pin_T_20_189;pin_T_41_116;pin_T_165_5;pin_B_4_70;vdd_B_23_187;pin_B_88_233;pin_B_139_8
274;pin_T_19_86;pin_T_23_75;pin_T_52_214;pin_T_134_45;pin_B_4_70;pin_B_67_169;pin_B_106_279;pin_B_139_8
224;pin_T_130_120;pin_T_134_71;pin_T_135_158;pin_T_165_103;pin_B_8_77;pin_B_67_169;pin_B_106_279;pin_B_183_113
309;pin_T_105_12;pin_T_123_109;pin_T_123_139;pin_T_126_46;pin_B_8_77;pin_B_21_159;pin_B_106_279;pin_B_107_103
447;pin_T_15_69;pin_T_45_13;pin_T_126_49;pin_T_170_16;pin_B_8_77;pin_B_21_159;pin_B_106_279;pin_B_123_8
66;pin_T_9_146;pin_T_39_39;pin_T_44_59;pin_T_125_17;pin_B_6_125;pin_B_32_61;pin_B_106_279;pin_B_123_8
100;pin_T_19_71;pin_T_19_100;pin_T_43_96;pin_T_54_89;pin_B_16_52;pin_B_23_95;pin_B_106_279;pin_B_123_8
282;pin_T_27_43;pin_T_41_74;pin_T_41_95;pin_T_57_87;pin_B_3_36;pin_B_56_53;pin_B_106_279;pin_B_123_8
367;pin_T_27_136;pin_T_29_121;pin_T_45_40;pin_T_54_183;pin_B_3_36;pin_B_83_176;pin_B_103_285;pin_B_123_8
505;pin_T_13_79;pin_T_30_220;pin_T_120_106;pin_T_165_141;pin_B_3_36;pin_B_103_285;pin_B_181_191;pin_B_196_56
668;pin_T_21_130;pin_T_37_251;pin_T_39_134;pin_T_165_141;pin_B_12_111;pin_B_103_285;pin_B_111_101;pin_B_124_40
783;pin_T_9_92;pin_T_10_245;pin_T_16_241;pin_T_200_240;vdd_B_12_113;pin_B_103_285;pin_B_111_101;pin_B_134_45
277;pin_T_12_184;pin_T_13_146;pin_T_21_98;pin_T_31_247;pin_B_59_112;pin_B_103_285;pin_B_134_45;pin_B_188_188
113;pin_T_13_146;pin_T_27_100;pin_T_45_207;pin_T_105_220;pin_B_19_40;pin_B_43_247;pin_B_134_45;pin_B_144_268
94;pin_T_7_96;pin_T_15_90;pin_T_15_92;pin_T_142_232;pin_B_1_114;pin_B_43_247;pin_B_134_45;pin_B_173_274
608;pin_T_49_43;pin_T_70_67;pin_T_134_75;pin_T_233_240;pin_B_9_155;pin_B_43_247;pin_B_133_125;pin_B_173_274
139;pin_T_34_7;pin_T_61_75;pin_T_130_14;pin_T_233_240;pin_B_5_61;pin_B_14_288;pin_B_133_125;pin_B_185_280
50;pin_T_15_136;pin_T_169_11;pin_T_169_121;pin_T_222_242;pin_B_5_61;gnd_B_14_285;pin_B_118_185;pin_B_185_280
31;pin_T_10_40;pin_T_19_88;pin_T_118_151;pin_T_136_278;pin_B_5_61;gnd_B_14_285;pin_B_140_215;pin_B_176_116
744;pin_T_27_100;pin_T_38_66;pin_T_55_268;pin_T_118_151;pin_B_1_93;pin_B_11_161;pin_B_39_169;pin_B_176_116
512;pin_T_5_50;pin_T_7_130;pin_T_54_158;pin_T_150_11;pin_B_1_93;pin_B_6_221;pin_B_37_175;pin_B_176_116
414;pin_T_29_81;pin_T_35_259;pin_T_90_278;pin_T_118_66;pin_B_1_93;pin_B_37_175;pin_B_103_293;pin_B_126_59
341;pin_T_35_259;pin_T_39_140;pin_T_90_278;gnd_T_134_80;pin_B_49_118;pin_B_56_45;pin_B_172_249;pin_B_178_190
103;pin_T_12_241;pin_T_16_253;pin_T_47_209;gnd_T_134_80;vdd_B_48_116;pin_B_136_79;pin_B_140_291;pin_B_178_190
499;pin_T_12_241;pin_T_16_253;pin_T_111_142;pin_T_184_113;pin_B_171_80;pin_B_200_56;pin_B_200_130;pin_B_209_81
481;pin_T_12_241;pin_T_16_253;pin_T_32_121;pin_T_184_113;pin_B_131_155;pin_B_137_82;pin_B_156_48;pin_B_191_185
187;pin_T_90_278;pin_T_116_265;pin_T_162_157;pin_T_179_241;pin_B_134_155;pin_B_137_82;pin_B_156_48;vdd_B_207_181
201;pin_T_90_278;pin_T_102_237;pin_T_111_132;pin_T_179_241;pin_B_15_137;pin_B_101_18;pin_B_107_103;pin_B_176_188
578;pin_T_90_278;pin_T_102_237;pin_T_134_58;pin_T_184_137;pin_B_55_76;pin_B_144_52;pin_B_178_194;pin_B_178_269
780;pin_T_121_267;pin_T_134_58;pin_T_139_243;pin_T_226_241;pin_B_55_76;pin_B_132_58;pin_B_173_193;pin_B_181_254
786;pin_T_121_267;pin_T_133_23;pin_T_133_243;pin_T_226_241;pin_B_134_46;pin_B_142_54;pin_B_164_54;vdd_B_185_256
247;pin_T_13_94;pin_T_37_67;pin_T_91_99;pin_T_95_216;pin_B_69_32;pin_B_81_72;pin_B_164_54;vdd_B_185_256
275;pin_T_18_255;pin_T_25_13;pin_T_91_97;pin_T_122_60;pin_B_3_81;pin_B_69_32;pin_B_150_116;vdd_B_185_256
47;pin_T_6_255;pin_T_17_42;pin_T_29_119;pin_T_135_7;pin_B_43_111;pin_B_85_49;pin_B_150_116;vdd_B_185_256
184;pin_T_17_45;pin_T_29_119;pin_T_135_7;pin_T_208_241;pin_B_42_233;pin_B_96_245;pin_B_122_38;pin_B_148_51
